Business_Name,Location,Review text,Rating,review_clean
Paragon,"Shanthala nagar,Bengaluru",Good Ambience friendly Staff and Great food,5.0,"good ambience, friendly staff and great food"
Paragon,"Shanthala nagar,Bengaluru",the food was very vibe and u must try coconut pudding is ultimate liked biriyani,5.0,the food was very vibe and u must try! coconut pudding is ultimate! liked biriyani!
Paragon,"Shanthala nagar,Bengaluru",Taste and service is best Worth the wait,5.0,taste and service is best. worth the wait
Paragon,"Shanthala nagar,Bengaluru",Go there for amazing seafood curriessuper yummy Malabar biryanis and refreshing coolersdrinks,4.0,"go there for amazing seafood curries,super yummy malabar biryanis and refreshing coolers/drinks."
Paragon,"Shanthala nagar,Bengaluru",Incredible consistent food The fish veg mango curry appams fish tawa fry biryani incredible Very well balanced flavours,5.0,"incredible, consistent food. the fish/ veg mango curry, appams, fish tawa fry, biryani - incredible. very well balanced flavours."
Paragon,"Shanthala nagar,Bengaluru",I love this restaurant every time I visit But this time I wanted to give review about their plum cake It tastes heavenly and I feel everyone has to give it a try,5.0,i love this restaurant every time i visit. but this time i wanted to give review about their plum cake. it tastes heavenly and i feel everyone has to give it a try.
Paragon,"Shanthala nagar,Bengaluru",Poor food qualitydelayed deliverystale biryanipoor food qualityand the resturants lack of responsibility,1.0,"poor food quality,delayed delivery,stale biryani,poor food quality,and the resturants lack of responsibility"
Paragon,"Shanthala nagar,Bengaluru",This place was recommended by a friend but the experience was disappointing We were seated quickly but they only gave one menu for a table of four and when we asked for another they provided the previous days menu,2.0,"this place was recommended by a friend, but the experience was disappointing. we were seated quickly, but they only gave one menu for a table of four and when we asked for another, they provided the previous days menu."
Paragon,"Shanthala nagar,Bengaluru",most yummiest food very expensive though,5.0,most yummiest food. very expensive though
Paragon,"Shanthala nagar,Bengaluru",I cant explain the taste very tasty and very clean tables hygienicly service food good quality,5.0,i can't explain the taste very tasty and very clean tables hygienicly service food good quality
Paragon,"Shanthala nagar,Bengaluru",Food was good and service was impeccable Wait time to get seated was long and service can be slow sometimes Tried the iconic Chicken Biryani and Fish starter it was excellent and will recommend,5.0,food was good and service was impeccable. wait time to get seated was long and service can be slow sometimes. tried the iconic chicken biryani and fish starter it was excellent and will recommend.
Paragon,"Shanthala nagar,Bengaluru",Food was horrible Dont understand the hype,1.0,food was horrible. dont understand the hype
Paragon,"Shanthala nagar,Bengaluru",most yummiest food very expensive though,1.0,most yummiest food. very expensive though
Paragon,"Shanthala nagar,Bengaluru",Best place in bengaluru to have Kerala food,5.0,best place in bengaluru to have kerala food.
Paragon,"Shanthala nagar,Bengaluru",Must try is mango fish curry and authentic biryani Service is fast and quality of food is top notch,4.0,must try is mango fish curry and authentic biryani . service is fast and quality of food is top notch
Paragon,"Shanthala nagar,Bengaluru",Too good Best place for kerala cuisine,5.0,too good. best place for kerala cuisine.
Paragon,"Shanthala nagar,Bengaluru",The overall experience was great and is place that would call you back again Great work paragon team,5.0,the overall experience was great and is place that would call you back again. great work paragon team!
Paragon,"Shanthala nagar,Bengaluru",The food is really very good and the prices are justified The portions are also healthy,5.0,the food is really very good and the prices are justified! the portions are also healthy!
Paragon,"Shanthala nagar,Bengaluru",We went Especially to try the Chicken Biryani it was good and portions very nice,5.0,we went especially to try the chicken biryani it was good and portions very nice
Paragon,"Shanthala nagar,Bengaluru",visited more than 50 times most of the time keep waiting like stray dogs on the door due to this stopped the visits over there no proper reservation system there,1.0,visited more than 50 times most of the time keep waiting like stray dogs on the door due to this stopped the visits over there no proper reservation system there
Paragon,"Shanthala nagar,Bengaluru",It is a must visit place for kerala malabar food lovers The food is a bit expensive but quite delicious What impressed me the most was their service Impeccable,5.0,it is a must visit place for kerala (malabar) food lovers. the food is a bit expensive but quite delicious what impressed me the most was their service. impeccable!
Paragon,"Shanthala nagar,Bengaluru",I highly appreciate and recommend this restaurant for its excellent food options tasty food,5.0,"i highly appreciate and recommend this restaurant for it's excellent food options, tasty food"
Paragon,"Shanthala nagar,Bengaluru",Food is amazing  so much better than any other kerela restaurant in bangalore Keep up the taste,5.0,food is amazing .. so much better than any other kerela restaurant in bangalore. keep up the taste
Paragon,"Shanthala nagar,Bengaluru",It is a must visit place for kerala malabar food lovers The food is a bit expensive but quite delicious What impressed me the most was their service,4.0,it is a must visit place for kerala (malabar) food lovers. the food is a bit expensive but quite delicious what impressed me the most was their service.
Paragon,"Shanthala nagar,Bengaluru",DINING,5.0,dining
Paragon,"Shanthala nagar,Bengaluru",Delicious food,5.0,delicious food
Paragon,"Shanthala nagar,Bengaluru",Went there for breakfast on a weekend The service is prompt and food is delicious The appams and stew took us back to Kerala,5.0,went there for breakfast on a weekend. the service is prompt and food is delicious. the appams and stew took us back to kerala
Paragon,"Shanthala nagar,Bengaluru",Their menu is the exact same and theyve managed to keep their standard on quality the same as well,5.0,"their menu is the exact same, and they've managed to keep their standard on quality the same as well."
Paragon,"Shanthala nagar,Bengaluru",I would say food and service for us was average,2.0,i would say food and service for us was average
Paragon,"Shanthala nagar,Bengaluru",Great food same taste as Calicut,5.0,"great food, same taste as calicut!"
Paragon,"Shanthala nagar,Bengaluru",very good food good ambience like a home food very testy,5.0,very good food good ambience like a home food very testy
Paragon,"Shanthala nagar,Bengaluru",It was one of the best things to happen when Kozhikodes most famous restaurant opened up shop in central Bangalore,5.0,it was one of the best things to happen when kozhikode's most famous restaurant opened up shop in central bangalore.
Paragon,"Shanthala nagar,Bengaluru",we ordered a wide spread of dishes and everything turned out to be good,5.0,we ordered a wide spread of dishes and everything turned out to be good.
Paragon,"Shanthala nagar,Bengaluru",The food was insanely good after a long time had such great and authentic food Going to come again many more time,4.0,the food was insanely good. after a long time had such great and authentic food. going to come again many more time
Paragon,"Shanthala nagar,Bengaluru",Really nice food from this legendary chain Had mango curry and biryani It was hands down beating any other Kerala biryani I had eaten,5.0,really nice food from this legendary chain. had mango curry and biryani . it was hands down beating any other kerala biryani i had eaten
Paragon,"Shanthala nagar,Bengaluru",Visited this restaurant for breakfast Tried open butter dosa which came with coconut chutney and sambar,4.0,visited this restaurant for breakfast. tried open butter dosa which came with coconut chutney and sambar.
Paragon,"Shanthala nagar,Bengaluru",As a mallu enjoyed the food here,5.0,"as a mallu, enjoyed the food here!"
Paragon,"Shanthala nagar,Bengaluru",We went for a family lunch here and the food was too good and yummy,5.0,"we went for a family lunch here, and the food was too good and yummy!!!"
Paragon,"Shanthala nagar,Bengaluru",excellent,5.0,excellent ??
Paragon,"Shanthala nagar,Bengaluru",Was a great experience reliving the paragon food and taste which we have devoured before in kerala,5.0,was a great experience reliving the paragon food and taste which we have devoured before in kerala.
Paragon,"Shanthala nagar,Bengaluru",absAbsolutely fabulous food We came in a large group and everyone thoroughly enjoyed the food,5.0,absabsolutely fabulous food. we came in a large group and everyone thoroughly enjoyed the food.
Paragon,"Shanthala nagar,Bengaluru",The food was insanely good after a long time had such great and authentic food Going to come again many more time,5.0,the food was insanely good. after a long time had such great and authentic food. going to come again many more time
Paragon,"Shanthala nagar,Bengaluru",All the dishes were amazing,5.0,all the dishes were amazing.
Paragon,"Shanthala nagar,Bengaluru",horrible,1.0,horrible
Paragon,"Shanthala nagar,Bengaluru",hellocan u add more snacks options in online food deliveryits a request,5.0,hello!can u add more snacks options in online food delivery.its a request.
Paragon,"Shanthala nagar,Bengaluru",Service is very late Food is average,2.0,service is very late . food is average
Paragon,"Shanthala nagar,Bengaluru",over rated dining spot,3.0,over rated dining spot
Paragon,"Shanthala nagar,Bengaluru",food quantity was too low got a hair in food gave a review to staff they were not biered to even take feedbackpathetic experience,1.0,food quantity was too low ....got a hair in food .gave a review to staff they were not biered to even take feedback....pathetic experience
Paragon,"Shanthala nagar,Bengaluru",well served and food was delicious and tasty and I liked it very much,5.0,well served and food was delicious and tasty and i liked it very much
Paragon,"Shanthala nagar,Bengaluru",Appam and Chicken Stew,5.0,appam and chicken stew ??
Paragon,"Shanthala nagar,Bengaluru",The chicken was stale in the Chicken Biriyani and atleast 5 days old The staff just didnt care,1.0,the chicken was stale in the chicken biriyani and atleast 5 days old. the staff just didnt care
Paragon,"Shanthala nagar,Bengaluru",Food was good and service was impeccable Wait time to get seated was long and service can be slow sometimes Tried the iconic Chicken Biryani and Fish starter it was excellent and will recommend,4.0,food was good and service was impeccable. wait time to get seated was long and service can be slow sometimes. tried the iconic chicken biryani and fish starter it was excellent and will recommend.
Paragon,"Shanthala nagar,Bengaluru",delicious food liked it very much,5.0,delicious food. liked it very much
Paragon,"Shanthala nagar,Bengaluru",An Unforgettable Birthday Dinner at Paragon Restaurant,5.0,an unforgettable birthday dinner at paragon restaurant
Paragon,"Shanthala nagar,Bengaluru",Good food and ambience for family lunches Liked the biryani and elneer pudding,5.0,good food and ambience for family lunches. liked the biryani and elneer pudding.
Paragon,"Shanthala nagar,Bengaluru",The quality of food has become so bad that its become one of the worst tasting food Ive had in the recent past,4.0,the quality of food has become so bad that it's become one of the worst tasting food i've had in the recent past.
Paragon,"Shanthala nagar,Bengaluru",food taste is good its can recommend have to visit if u r in Bangalore,5.0,"food taste is good, it's can recommend. have to visit if u r in bangalore"
Koko,"Jeevan beema nagar,Bengaluru",Great food and good service,5.0,great food and good service
Koko,"Jeevan beema nagar,Bengaluru",Chiranjit has been extremely professional in catering to all our needs The food is extremely good and top notch Highly recommended,5.0,chiranjit has been extremely professional in catering to all our needs. the food is extremely good and top notch. highly recommended
Koko,"Jeevan beema nagar,Bengaluru",Ronu was amazing serving us Food and ambience is amazing They also have valley,5.0,ronu was amazing serving us. food and ambience is amazing. they also have valley
Koko,"Jeevan beema nagar,Bengaluru",Raunu was of great service He took care of us throughout Very humble and kind person,5.0,raunu was of great service. he took care of us throughout. very humble and kind person.
Koko,"Jeevan beema nagar,Bengaluru",Chiranjit was very polite helpful and friendly food was great Overall had a great experience,5.0,"chiranjit was very polite, helpful and friendly. food was great. overall had a great experience."
Koko,"Jeevan beema nagar,Bengaluru",Food was not good its overly hyped,1.0,"food was not good, its overly hyped"
Koko,"Jeevan beema nagar,Bengaluru",Amazing ambience and food Excellent service by Mr Chiranjit,5.0,amazing ambience and food. excellent service by mr. chiranjit.
Koko,"Jeevan beema nagar,Bengaluru",very good food with vegan and gluten free options,5.0,very good food with vegan and gluten free options
Koko,"Jeevan beema nagar,Bengaluru",The service was perfect but food was okayish,3.0,the service was perfect but food was okayish
Koko,"Jeevan beema nagar,Bengaluru",Dessertsssss,5.0,dessertsssss!!!
Koko,"Jeevan beema nagar,Bengaluru",Paramesh did a great job loved the food,5.0,"paramesh did a great job, loved the food"
Koko,"Jeevan beema nagar,Bengaluru",Had a great anniversary dinner at Koko Food was wonderful and so was the service Highly recommended,5.0,had a great anniversary dinner at koko. food was wonderful and so was the service! highly recommended!
Koko,"Jeevan beema nagar,Bengaluru",Food was suprisingly average They do not have a baby care room which was again suprising for a fairly upscale place,4.0,food was suprisingly average. they do not have a baby care room which was again suprising for a fairly upscale place.
Koko,"Jeevan beema nagar,Bengaluru",the service was very average for a Premium restuarant like Koko and the quantity was good for one kid,3.0,the service was very average for a premium restuarant like koko and the quantity was good for one kid
Koko,"Jeevan beema nagar,Bengaluru",Food was not worth the price they are not keeping up with other fine dine Asian restaurants,4.0,"food was not worth the price, they are not keeping up with other fine dine asian restaurants"
Koko,"Jeevan beema nagar,Bengaluru",Dishes we ordered and loved Thai Lotus root Gyoza pan fried momos,5.0,dishes we ordered and loved thai lotus root gyoza pan fried momos
Koko,"Jeevan beema nagar,Bengaluru",Food was not upto the mark I have no clue how is this rated 49 Dishes were average,2.0,food was not upto the mark. i have no clue how is this rated 4.9 dishes were average.
Koko,"Jeevan beema nagar,Bengaluru",Had a great experience nawa was very helpful in choosing the best drinks and food on the menu,5.0,"had a great experience, nawa was very helpful in choosing the best drinks and food on the menu."
Koko,"Jeevan beema nagar,Bengaluru",Outstanding food and cocktails Nothing comes close to the golden maki roll that truffle flavor is just out of this world,5.0,outstanding food and cocktails! nothing comes close to the golden maki roll - that truffle flavor is just out of this world!
Koko,"Jeevan beema nagar,Bengaluru",Food was amazing cocktails were totally worth it Definitely recommended,5.0,food was amazing. cocktails were totally worth it. definitely recommended.
Koko,"Jeevan beema nagar,Bengaluru",Food was good Liked the ambience,5.0,food was good. liked the ambience
Koko,"Jeevan beema nagar,Bengaluru",Good place and nice food,4.0,good place and nice food
Koko,"Jeevan beema nagar,Bengaluru",The food was really amazing MrParmesh was really good his service,5.0,the food was really amazing mr.parmesh was really good his service
Koko,"Jeevan beema nagar,Bengaluru",Food was really good and the service was very quick,5.0,food was really good and the service was very quick
Koko,"Jeevan beema nagar,Bengaluru",Excellent service and great food specially drinks with aesthetic ambience loved it and everything was prfect,5.0,excellent service and great food specially drinks with aesthetic ambience loved it and everything was prfect
Koko,"Jeevan beema nagar,Bengaluru",Loved the food ambiance and service true authentic Japanese food,5.0,"loved the food, ambiance and service.. true authentic japanese food"
Koko,"Jeevan beema nagar,Bengaluru",Everything was so yum From Sushi to bao single serve soupy dumplings noodles I loved everything except that the price is too high,4.0,"everything was so yum..! from sushi to bao, single serve soupy dumplings, noodles. i loved everything, except that the price is too high"
Koko,"Jeevan beema nagar,Bengaluru",Amazing food,5.0,amazing food
Koko,"Jeevan beema nagar,Bengaluru",good food great service,4.0,good food great service
Koko,"Jeevan beema nagar,Bengaluru",amazing amazing place,5.0,amazing amazing place
Koko,"Jeevan beema nagar,Bengaluru",amazing cocktails sushi and small plates,5.0,"amazing cocktails, sushi and small plates."
Koko,"Jeevan beema nagar,Bengaluru",Visited Koko twice food is great loved the kung pao chicken prawns tempura sushi egg fried rice and chicken in chili oil gravy,5.0,"visited koko twice.. food is great, loved the kung pao chicken, prawns tempura sushi, egg fried rice and chicken in chili oil gravy."
Koko,"Jeevan beema nagar,Bengaluru",We had done our bookings via Zomato the place was packed and the ambience was amazing,4.0,we had done our bookings via zomato the place was packed and the ambience was amazing
Koko,"Jeevan beema nagar,Bengaluru",We had a wonderful dinner yesterday everything was perfect from the drinks and food to the ambience,5.0,"we had a wonderful dinner yesterday everything was perfect, from the drinks and food to the ambience"
Koko,"Jeevan beema nagar,Bengaluru",Exceptional service,5.0,exceptional service
Koko,"Jeevan beema nagar,Bengaluru",Good service and vibe Food was top notch My fav KOKOSignature Sushi,5.0,good service and vibe. food was top notch. my fav - kokosignature sushi
Koko,"Jeevan beema nagar,Bengaluru",The place is amazing with superb service,5.0,the place is amazing with superb service
Koko,"Jeevan beema nagar,Bengaluru",Exotic food and excellent service worth the money spent,5.0,exotic food and excellent service .worth the money spent
Koko,"Jeevan beema nagar,Bengaluru",Excellent food service as always,5.0,excellent food & service as always
Koko,"Jeevan beema nagar,Bengaluru",Amazing food and ambience and staff takes care amazingly,5.0,amazing food and ambience and staff takes care amazingly
Koko,"Jeevan beema nagar,Bengaluru",everything was perfect whether it was the food or the ambience or the service everything was outstanding and worth experience,5.0,everything was perfect whether it was the food or the ambience or the service everything was outstanding and worth experience
Koko,"Jeevan beema nagar,Bengaluru",Loved the food and service as always,5.0,loved the food and service as always .
Koko,"Jeevan beema nagar,Bengaluru",the entire team as a matter of fact awesome food yum yum,5.0,the entire team as a matter of fact. awesome food .. yum yum
Koko,"Jeevan beema nagar,Bengaluru",The food was great as always but the hospitality by Chiranjeet was beyond amazing,5.0,the food was great as always but the hospitality by chiranjeet was beyond amazing!
Koko,"Jeevan beema nagar,Bengaluru",Good food good ambiance Very helpful stuff members and service was quick,5.0,"good food, good ambiance. very helpful stuff members and service was quick."
Koko,"Jeevan beema nagar,Bengaluru",Had a good meal Chiranjit was very good at his service,5.0,had a good meal . chiranjit was very good at his service.
Koko,"Jeevan beema nagar,Bengaluru",Everything was amazing from the food till the drinks server jatin was really amazing with his service,5.0,everything was amazing from the food till the drinks server jatin was really amazing with his service
Koko,"Jeevan beema nagar,Bengaluru",The food was really awful Each dish on the menu lacked authentic flavour,2.0,the food was really awful. each dish on the menu lacked authentic flavour.
Koko,"Jeevan beema nagar,Bengaluru",amazing ambience with sumptuous Sushi Dumplings and Desserta must visit for all food lovers in Bengaluru,5.0,amazing ambience with sumptuous sushi dumplings and dessert...a must visit for all food lovers in bengaluru
Koko,"Jeevan beema nagar,Bengaluru",The Sushi Salmon Harissa was one of the best ever,5.0,the sushi - salmon harissa -was one of the best ever.
Koko,"Jeevan beema nagar,Bengaluru",Great food Brilliant service by Steve One of my all time favorite Asian dining experience,5.0,great food!! brilliant service by steve!!! one of my all time favorite asian dining experience
Koko,"Jeevan beema nagar,Bengaluru",Great food great ambience great service and recommendations,5.0,"great food , great ambience .. great service and recommendations"
Koko,"Jeevan beema nagar,Bengaluru",The food ambience is indeed amazing,4.0,the food & ambience is indeed amazing.
Koko,"Jeevan beema nagar,Bengaluru",Delectable food brilliant service Special shout out to Romila she was super warm and prompt Never disappoints Keep it up,5.0,"delectable food, brilliant service. special shout out to romila, she was super warm and prompt. never disappoints. keep it up!"
Koko,"Jeevan beema nagar,Bengaluru",Excellent food for the occasion,5.0,excellent food for the occasion
Koko,"Jeevan beema nagar,Bengaluru",Great ambiance and food professional staff,5.0,"great ambiance and food, professional staff"
Koko,"Jeevan beema nagar,Bengaluru",We had a good time Raunu was great with his recommendations,5.0,we had a good time! raunu was great with his recommendations
Koko,"Jeevan beema nagar,Bengaluru",The food was good but there were a lot of mosquitos,3.0,the food was good but there were a lot of mosquitos
Koko,"Jeevan beema nagar,Bengaluru",Service is poor and slow,3.0,service is poor and slow
Koko,"Jeevan beema nagar,Bengaluru",The food was excellent and service by Raunu was fantastic great place,5.0,"the food was excellent and service by raunu was fantastic, great place!"
The Only Place,"13, Museum Road, Church Street, Bangalore",One of my favorite place in Bangalore,5.0,one of my favorite place in bangalore!
The Only Place,"13, Museum Road, Church Street, Bangalore",this one is the most bogus and hyped place Food is very normal but price is very high in compare to service interior and vibe they provide,1.0,"this one is the most bogus and hyped place. food is very normal, but price is very high in compare to service, interior and vibe they provide."
The Only Place,"13, Museum Road, Church Street, Bangalore",Best Lamb burgers and Chicken steaks in Bangalore One of our favorite spots for dinner,5.0,best lamb burgers and chicken steaks in bangalore. one of our favorite spots for dinner.
The Only Place,"13, Museum Road, Church Street, Bangalore",love the food and the whole some nature and the ambience of the place,5.0,love the food and the whole some nature and the ambience of the place
The Only Place,"13, Museum Road, Church Street, Bangalore",Well made steaks and chicken paprika the portions were generally good value for money but the burger was bland extremely fast and efficient service even on Sunday brunch shift,4.0,"well made steaks and chicken paprika. the portions were generally good value for money. but the burger was bland. extremely fast and efficient service, even on sunday brunch shift."
The Only Place,"13, Museum Road, Church Street, Bangalore",Being an international here its been stressful lately to get a nice Steak until we had the chance to locate THE ONLY PLACE,4.0,"being an international here its been stressful lately to get a nice steak until we had the chance to locate the only place ,"
The Only Place,"13, Museum Road, Church Street, Bangalore",really pathetic bad service not that it was slow but they were grumpy as hell and judging us probably this was the worst service I ever experienced in my life,2.0,"really pathetic bad service, not that it was slow but they were grumpy as hell and judging us. probably this was the worst service i ever experienced in my life."
The Only Place,"13, Museum Road, Church Street, Bangalore",love the experience here had steak cheese burgerfish and chips few other dishes loved the recommendations from the host,5.0,"love the experience here, had steak cheese burger,fish and chips & few other dishes. loved the recommendations from the host."
The Only Place,"13, Museum Road, Church Street, Bangalore",Love how theyve maintained the authenticity factor Old school and love it,5.0,love how they've maintained the authenticity factor! old school and love it
The Only Place,"13, Museum Road, Church Street, Bangalore",Great food and a nostalgic place but the captain was rude and unfriendly The other staff were polite so overall it was still a good experience,3.0,"great food and a nostalgic place, but the captain was rude and unfriendly. the other staff were polite, so overall it was still a good experience."
The Only Place,"13, Museum Road, Church Street, Bangalore",Nice ambience but the food was average the order was wrong and mosquitoes made the visit uncomfortable,2.0,"nice ambience, but the food was average, the order was wrong, and mosquitoes made the visit uncomfortable."
The Only Place,"13, Museum Road, Church Street, Bangalore",Great steaks and a wholesome experience though a few flies can be annoying because of the open seating,4.0,"great steaks and a wholesome experience, though a few flies can be annoying because of the open seating"
The Only Place,"13, Museum Road, Church Street, Bangalore",The food is easy on the pocket yet delicious Service can be a bit slow at times,4.0,"the food is easy on the pocket yet delicious, service can be a bit slow at times,"
The Only Place,"13, Museum Road, Church Street, Bangalore",Good food friendly staff and a nice place to visitIll definitely come back,5.0,"good food, friendly staff, and a nice place to visitill definitely come back."
The Only Place,"13, Museum Road, Church Street, Bangalore",the food is average place is hyped disappointed,1.0,"the food is average, place is hyped, disappointed"
The Only Place,"13, Museum Road, Church Street, Bangalore",The steak was good but the food was average and the floor manager was rude,3.0,"the steak was good, but the food was average and the floor manager was rude."
The Only Place,"13, Museum Road, Church Street, Bangalore",Poor food and unfriendly service made the experience disappointing,2.0,poor food and unfriendly service made the experience disappointing.
The Only Place,"13, Museum Road, Church Street, Bangalore",Garlic bread was good but the burger and lamb steak were disappointing and lacked quality,1.0,"garlic bread was good, but the burger and lamb steak were disappointing and lacked quality."
The Only Place,"13, Museum Road, Church Street, Bangalore",Great steaks but the rude staff and poor service spoiled the experience,3.0,"great steaks, but the rude staff and poor service spoiled the experience."
The Only Place,"13, Museum Road, Church Street, Bangalore",good abience food and staff A cozy little place with bangin food amust visit in Blore,5.0,"good abience, food and staff. a cozy little place with bangin food , amust visit in blore"
The Only Place,"13, Museum Road, Church Street, Bangalore",excellent food,5.0,excellent food
The Only Place,"13, Museum Road, Church Street, Bangalore",its historic and authentic spot but Id recommend it only if youre a steak loverservice is really good,3.0,"its historic and authentic spot, but id recommend it only if you're a steak lover.service is really good"
The Only Place,"13, Museum Road, Church Street, Bangalore",Staff is very arrogant and rude,3.0,staff is very arrogant and rude.
The Only Place,"13, Museum Road, Church Street, Bangalore",The steak was tough the service was poor and I wouldnt recommend this place,1.0,"the steak was tough, the service was poor, and i wouldnt recommend this place."
The Only Place,"13, Museum Road, Church Street, Bangalore",The food and service were disappointing and the place has lost its old quality,1.0,"the food and service were disappointing, and the place has lost its old quality."
The Only Place,"13, Museum Road, Church Street, Bangalore",Service is poor and taste is unsatisfactory,1.0,"service is poor , and taste is unsatisfactory"
The Only Place,"13, Museum Road, Church Street, Bangalore",Dont trust the reviews Food is not good,1.0,don't trust the reviews. food is not good
The Only Place,"13, Museum Road, Church Street, Bangalore",Good food but the rude manager and poor service make the experience frustrating,1.0,"good food, but the rude manager and poor service make the experience frustrating."
The Only Place,"13, Museum Road, Church Street, Bangalore",Just amazing food,5.0,just amazing food
The Only Place,"13, Museum Road, Church Street, Bangalore",The food quality has dropped and the rude staff made the experience disappointing,1.0,"the food quality has dropped, and the rude staff made the experience disappointing."
The Only Place,"13, Museum Road, Church Street, Bangalore",worst food I ever had vegetables were half cooked,1.0,"worst food i ever had, vegetables were half cooked"
The Only Place,"13, Museum Road, Church Street, Bangalore",Delicious food great steaks and excellent value for moneyhighly recommended,4.0,"delicious food, great steaks, and excellent value for moneyhighly recommended."
The Only Place,"13, Museum Road, Church Street, Bangalore",The food tasted bad and we think it caused food poisoning,1.0,"the food tasted bad, and we think it caused food poisoning."
The Only Place,"13, Museum Road, Church Street, Bangalore",The food was bland and overpriced and only the cherry pie was good,1.0,"the food was bland and overpriced, and only the cherry pie was good."
The Only Place,"13, Museum Road, Church Street, Bangalore",Great steaks friendly service and a beautiful ambience make it worth a visit,5.0,"great steaks, friendly service, and a beautiful ambience make it worth a visit."
The Only Place,"13, Museum Road, Church Street, Bangalore",We hardly ate anything,1.0,we hardly ate anything.
The Only Place,"13, Museum Road, Church Street, Bangalore",Excellent steaks great service and a cozy ambience make this place a mustvisit,5.0,"excellent steaks, great service, and a cozy ambience make this place a must-visit."
The Only Place,"13, Museum Road, Church Street, Bangalore",EVERYTHING is absolutely fantastic,5.0,everything is absolutely fantastic!!
The Only Place,"13, Museum Road, Church Street, Bangalore",The chicken steak was undercooked and disappointing making it a waste of money,5.0,"the chicken steak was undercooked and disappointing, making it a waste of money."
The Only Place,"13, Museum Road, Church Street, Bangalore",The food was disappointing and the manager was unhelpful so I wouldnt visit again,2.0,"the food was disappointing, and the manager was unhelpful, so i wouldnt visit again."
The Only Place,"13, Museum Road, Church Street, Bangalore",Delicious food great hospitality and a warm atmosphere make this place worth visiting,5.0,"delicious food, great hospitality, and a warm atmosphere make this place worth visiting."
The Only Place,"13, Museum Road, Church Street, Bangalore",food was delcious and staff is frinedly and polite,5.0,food was delcious and staff is frinedly and polite
The Only Place,"13, Museum Road, Church Street, Bangalore",The food quality has dropped with overcooked and poorly prepared dishes that were disappointing,1.0,"the food quality has dropped, with overcooked and poorly prepared dishes that were disappointing."
The Only Place,"13, Museum Road, Church Street, Bangalore",The staff and manager were rude and the slow service spoiled the experience,1.0,"the staff and manager were rude, and the slow service spoiled the experience."
The Only Place,"13, Museum Road, Church Street, Bangalore",The manager and the staffs are too rude and i would really appreciate it if service is better Just felt like walking out but the food is fine ig,1.0,the manager and the staffs are too rude and i would really appreciate it if service is better. just felt like walking out but the food is fine ig
The Only Place,"13, Museum Road, Church Street, Bangalore",please improve the Zomato service food ready getting very delayed long time waiting delivery agent please kindly improve there,1.0,please improve the zomato service food ready getting very delayed  long time waiting delivery agent please kindly improve there....
The Only Place,"13, Museum Road, Church Street, Bangalore",Great steaks and burgers with quick service make this a Bangalore classic,4.0,"great steaks and burgers, with quick service, make this a bangalore classic."
The Only Place,"13, Museum Road, Church Street, Bangalore",Rude staff poor food quality and long wait times made the experience disappointing,2.0,"rude staff, poor food quality, and long wait times made the experience disappointing."
The Only Place,"13, Museum Road, Church Street, Bangalore",Extremely bad experience Awful food service and staff is rude pls have a shwarma from the corner the spending time here,1.0,"extremely bad experience. awful food, service and staff is rude. pls have a shwarma from the corner the spending time here"
The Only Place,"13, Museum Road, Church Street, Bangalore",Staff heres very rude and dont listen to customer Only priority for the staff is to churn out orders and not care about the customer experience,1.0,staff heres very rude and dont listen to customer. only priority for the staff is to churn out orders and not care about the customer experience
The Only Place,"13, Museum Road, Church Street, Bangalore",This restaurant offers a mixed experience While the ambiance and some dishes are outstanding there are areas where improvement is needed especially in service and consistency in food quality Its a place worth trying but with tempered expectations,3.0,"this restaurant offers a mixed experience. while the ambiance and some dishes are outstanding, there are areas where improvement is needed, especially in service and consistency in food quality. it's a place worth trying, but with tempered expectations"
The Only Place,"13, Museum Road, Church Street, Bangalore",The soup was poor and the food was disappointing overall,2.0,"the soup was poor, and the food was disappointing overall."
The Only Place,"13, Museum Road, Church Street, Bangalore",The food was average and the quality has declined compared to before,2.0,"the food was average, and the quality has declined compared to before."
The Only Place,"13, Museum Road, Church Street, Bangalore",OVERRATED The worst Lasagne I ever had Way too ovverpriced,1.0,overrated. the worst lasagne i ever had. way too ovverpriced.
The Only Place,"13, Museum Road, Church Street, Bangalore",The environment is very friendly responsive and kind staff warm ambience and good parking service,4.0,"the environment is very friendly, responsive and kind staff, warm ambience and good parking service."
The Only Place,"13, Museum Road, Church Street, Bangalore",Its way too over priced and unnecessarily hyped Food is normal You can get better food in truffles No parking Its clumsy place and very unhygienic too,2.0,its way too over priced and unnecessarily hyped. food is normal. you can get better food in truffles. no parking. its clumsy place and very unhygienic too.
The Only Place,"13, Museum Road, Church Street, Bangalore",everything was superb,5.0,everything was superb
The Only Place,"13, Museum Road, Church Street, Bangalore",Nothing great about this place Poorly cooked low quality food No presentation Small portions for the price Ok service,2.0,nothing great about this place. poorly cooked low quality food. no presentation. small portions for the price. ok service.
The Only Place,"13, Museum Road, Church Street, Bangalore",The worst steak we have ever had Overhyped,1.0,the worst steak we have ever had. overhyped
Nagarjuna,"44/1, Residency Road, Bangalore",Excellent food efficient staff and smiling service No wonder people throng to it Keep it up,5.0,"excellent food, efficient staff and smiling service. no wonder people throng to it. keep it up."
Nagarjuna,"44/1, Residency Road, Bangalore",Poor food quality and rude service made the visit very disappointing,2.0,poor food quality and rude service made the visit very disappointing.
Nagarjuna,"44/1, Residency Road, Bangalore",Delicious and homely meals make the wait worth it,5.0,delicious and homely meals make the wait worth it.
Nagarjuna,"44/1, Residency Road, Bangalore",The food tasted good but poor hygiene may have caused food poisoning,1.0,"the food tasted good, but poor hygiene may have caused food poisoning."
Nagarjuna,"44/1, Residency Road, Bangalore",The food was overpriced and not worth the money,2.0,the food was overpriced and not worth the money.
Nagarjuna,"44/1, Residency Road, Bangalore",Excellent service and quality of food delicious and the qty was also good,5.0,"excellent service and quality of food, delicious and the qty was also good."
Nagarjuna,"44/1, Residency Road, Bangalore",Best Andra meals ever,5.0,best andra meals ever!
Nagarjuna,"44/1, Residency Road, Bangalore",Good food friendly staff and quick service made for a pleasant lunch,5.0,"good food, friendly staff, and quick service made for a pleasant lunch."
Nagarjuna,"44/1, Residency Road, Bangalore",The staff did not allow food sharing the service was rude and the food was average making the experience disappointing,1.0,"the staff did not allow food sharing, the service was rude, and the food was average, making the experience disappointing."
Nagarjuna,"44/1, Residency Road, Bangalore",The vegetables and sweets were low quality with very little variety compared to other outlets,1.0,"the vegetables and sweets were low quality, with very little variety compared to other outlets."
Nagarjuna,"44/1, Residency Road, Bangalore",Although the food is going the service is really slow They kept me waiting for 15 mins for giving bill also,2.0,"although the food is going, the service is really slow. they kept me waiting for 15 mins for giving bill also."
Nagarjuna,"44/1, Residency Road, Bangalore",Delicious biryani and flavorful food with excellent service and warm hospitality,5.0,"delicious biryani and flavorful food, with excellent service and warm hospitality."
Nagarjuna,"44/1, Residency Road, Bangalore",I would simply wow for their preparation and taste it was lip smacking,5.0,"i would simply wow for their preparation and taste, it was lip smacking"
Nagarjuna,"44/1, Residency Road, Bangalore",Poor crowd management long waits and an uncomfortable dining experience,1.0,"poor crowd management, long waits, and an uncomfortable dining experience."
Nagarjuna,"44/1, Residency Road, Bangalore",Delicious Andhra meals prompt service and a clean ambience make this place worth visiting,4.0,"delicious andhra meals, prompt service, and a clean ambience make this place worth visiting."
Nagarjuna,"44/1, Residency Road, Bangalore",best and he amal ever i have had the pappu here is so good,5.0,best and he amal ever i have had the pappu here is so good
Nagarjuna,"44/1, Residency Road, Bangalore",Superb experience Amazing food and super delicious Your stomach will be full with the variety they have to offer,5.0,superb experience! amazing food and super delicious. your stomach will be full with the variety they have to offer.
Nagarjuna,"44/1, Residency Road, Bangalore",Delicious Andhra food friendly staff and great service make it a good place to visit,4.0,"delicious andhra food, friendly staff, and great service make it a good place to visit."
Nagarjuna,"44/1, Residency Road, Bangalore",Long waits salty food and poor customer service made the experience disappointing,1.0,"long waits, salty food, and poor customer service made the experience disappointing."
Nagarjuna,"44/1, Residency Road, Bangalore",The staff were rude and rushed us throughout the meal making the dining experience very unpleasant,1.0,"the staff were rude and rushed us throughout the meal, making the dining experience very unpleasant."
Nagarjuna,"44/1, Residency Road, Bangalore",The food was bland the service was poor and hidden valet charges made the experience disappointing,1.0,"the food was bland, the service was poor, and hidden valet charges made the experience disappointing."
Nagarjuna,"44/1, Residency Road, Bangalore",Delicious biryani and food but the service becomes chaotic during busy hours,3.0,"delicious biryani and food, but the service becomes chaotic during busy hours."
Nagarjuna,"44/1, Residency Road, Bangalore",Delicious Andhrastyle biryani quick service and generous portions make it worth visiting,5.0,"delicious andhra-style biryani, quick service, and generous portions make it worth visiting."
Nagarjuna,"44/1, Residency Road, Bangalore",Poor service long delays and an absent manager spoiled the dining experience,2.0,"poor service, long delays, and an absent manager spoiled the dining experience."
Nagarjuna,"44/1, Residency Road, Bangalore",Delicious Andhra food prompt service and reasonable prices make this restaurant highly recommended,5.0,"delicious andhra food, prompt service, and reasonable prices make this restaurant highly recommended."
Nagarjuna,"44/1, Residency Road, Bangalore",Excellent service The food quality and taste is very good This place never disappoints,4.0,"excellent service. the food quality and taste is very good, this place never disappoints."
Nagarjuna,"44/1, Residency Road, Bangalore",The food was bland and poor in quality and the staff handled the complaint poorly making the experience disappointing,1.0,"the food was bland and poor in quality, and the staff handled the complaint poorly, making the experience disappointing."
Nagarjuna,"44/1, Residency Road, Bangalore",The ambience and decor were on point and set us up for a great dining experience Flavours were also good,5.0,the ambience and decor were on point and set us up for a great dining experience. flavours were also good
Nagarjuna,"44/1, Residency Road, Bangalore",Authentic Andhra meals and flavorful mutton biryani make this place a mustvisit,5.0,authentic andhra meals and flavorful mutton biryani make this place a must-visit.
Nagarjuna,"44/1, Residency Road, Bangalore",The veg meals were overpriced with poor taste limited items and a disappointing experience,1.0,"the veg meals were overpriced with poor taste, limited items, and a disappointing experience."
Nagarjuna,"44/1, Residency Road, Bangalore",The Andhra meals were overpriced lacked variety and had poor taste,1.0,"the andhra meals were overpriced, lacked variety, and had poor taste."
Nagarjuna,"44/1, Residency Road, Bangalore",The food is really nice and value for money,5.0,the food is really nice and value for money
Nagarjuna,"44/1, Residency Road, Bangalore",Delicious authentic Andhra meals courteous staff and affordable prices made it a great experience,5.0,"delicious authentic andhra meals, courteous staff, and affordable prices made it a great experience."
Nagarjuna,"44/1, Residency Road, Bangalore",Great Andhra meals and excellent service from Tulasi make this place a mustvisit,5.0,great andhra meals and excellent service from tulasi make this place a must-visit.
Nagarjuna,"44/1, Residency Road, Bangalore",satisfying meals ample seating area family crowd bit pricey,4.0,"satisfying meals, ample seating area, family crowd, bit pricey"
Nagarjuna,"44/1, Residency Road, Bangalore",Great food quality and spacious seating but the service is slow Try the spicy chicken starters and meals,4.0,"great food quality and spacious seating, but the service is slow. try the spicy chicken starters and meals."
Nagarjuna,"44/1, Residency Road, Bangalore",Delicious meals and biryani with a nostalgic experience making it worth visiting again,5.0,"delicious meals and biryani with a nostalgic experience, making it worth visiting again."
Nagarjuna,"44/1, Residency Road, Bangalore",Perfect place to eat Amazing food experience,5.0,perfect place to eat. amazing food experience
Nagarjuna,"44/1, Residency Road, Bangalore",Tasty South Indian meals with a pleasant ambience but expect a long wait due to crowds,4.0,"tasty south indian meals with a pleasant ambience, but expect a long wait due to crowds."
Nagarjuna,"44/1, Residency Road, Bangalore",courteous staff delicious food good for large groups great quality good value,5.0,"courteous staff, delicious food, good for large groups, great quality, good value"
Nagarjuna,"44/1, Residency Road, Bangalore",If youre looking for a wholesome Andhra meal this is the place to go Super quick service even during rush hours,3.0,"if you're looking for a wholesome andhra meal, this is the place to go! super quick service even during rush hours"
Nagarjuna,"44/1, Residency Road, Bangalore",Amazing food and even better service This place is a must visit especially in this area for a quick sumptuous and authentic meal,4.0,"amazing food and even better service!! this place is a must visit especially in this area for a quick, sumptuous, and authentic meal"
Nagarjuna,"44/1, Residency Road, Bangalore",Amazing food very polite staff superb experience will definitely recommend,5.0,"amazing food, very polite staff, superb experience, will definitely recommend"
Nagarjuna,"44/1, Residency Road, Bangalore",Authentic Andhra meals with great taste hygiene and value for money Other dishes are average,4.0,"authentic andhra meals with great taste, hygiene, and value for money. other dishes are average."
Nagarjuna,"44/1, Residency Road, Bangalore",Mutton biryani quality needs improvement as the meat was fatty and undercooked,3.0,mutton biryani quality needs improvement as the meat was fatty and undercooked.
Nagarjuna,"44/1, Residency Road, Bangalore",I liked south indian full meals It had the flavour of Andhra pradeshs taste I loved it I would recommend this place for a lunch,4.0,i liked south indian full meals. it had the flavour of andhra pradesh's taste. i loved it. i would recommend this place for a lunch.
Nagarjuna,"44/1, Residency Road, Bangalore",Popular Andhrastyle biryani and meals with authentic banana leaf serving making it a musttry place,4.0,"popular andhra-style biryani and meals with authentic banana leaf serving, making it a must-try place."
Nagarjuna,"44/1, Residency Road, Bangalore",Complaint about the managers behavior and alleged unfair practices affecting customers,1.0,complaint about the managers behavior and alleged unfair practices affecting customers.
Nagarjuna,"44/1, Residency Road, Bangalore",Excellent meals and nonveg starters with quick service but the biryani was average,5.0,"excellent meals and non-veg starters with quick service, but the biryani was average."
Nagarjuna,"44/1, Residency Road, Bangalore",Long waiting times poor crowd management and parking issues make it inconvenient especially for elderly people,1.0,"long waiting times, poor crowd management, and parking issues make it inconvenient, especially for elderly people."
Nagarjuna,"44/1, Residency Road, Bangalore",food was just next to perfect Amazing experience strongly recommended,5.0,"food was just next to perfect. amazing experience, strongly recommended"
Nagarjuna,"44/1, Residency Road, Bangalore",Delicious Andhra biryani with good portions but service issues with the wrong order affected the experience,4.0,"delicious andhra biryani with good portions, but service issues with the wrong order affected the experience."
Nagarjuna,"44/1, Residency Road, Bangalore",Veg carrier meal quality has declined with poor rice watery dal and average sides compared to earlier experiences,2.0,"veg carrier meal quality has declined, with poor rice, watery dal, and average sides compared to earlier experiences."
Nagarjuna,"44/1, Residency Road, Bangalore",All items were served quickly and the quality and quantity were very good,4.0,all items were served quickly and the quality and quantity were very good
Nagarjuna,"44/1, Residency Road, Bangalore",place was super crowded food was tasty but the service was shabby,2.0,"place was super crowded, food was tasty but the service was shabby"
Nagarjuna,"44/1, Residency Road, Bangalore",The taste is still the same however food quality seems to have reduced a bit,4.0,the taste is still the same however food quality seems to have reduced a bit.
Nagarjuna,"44/1, Residency Road, Bangalore",Poor food quality cramped seating and bad service made the experience disappointing and not worth the price,2.0,"poor food quality, cramped seating, and bad service made the experience disappointing and not worth the price."
Nagarjuna,"44/1, Residency Road, Bangalore",food was really good,5.0,food was really good
Nagarjuna,"44/1, Residency Road, Bangalore",theres a lot of waiting time and behavior of staff was not good,1.0,there's a lot of waiting time and behavior of staff was not good
Nagarjuna,"44/1, Residency Road, Bangalore",the taste of food is good spicy and quantity is also good good vaLue,5.0,"the taste of food is good, spicy and quantity is also good , good value"
CTR  Shri Sagar,malleshwaram,Visited CTR Tiffin Room Bengaluru and had an amazing experience,5.0,"visited ctr tiffin room, bengaluru and had an amazing experience."
CTR  Shri Sagar,malleshwaram,The dosa was incredibly crispy flavorful and unlike any dosa I have ever had before The taste was truly unique and memorable,5.0,"the dosa was incredibly crispy, flavorful, and unlike any dosa i have ever had before. the taste was truly unique and memorable."
CTR  Shri Sagar,malleshwaram,Highly recommended for anyone visiting Bengaluru Definitely one of the best dosa experiences Ive had,4.0,highly recommended for anyone visiting bengaluru. definitely one of the best dosa experiences iâve had! ðð
CTR  Shri Sagar,malleshwaram,The ambience of the place feels very nostalgic and reflects the charm of the 70s era,4.0,the ambience of the place feels very nostalgic and reflects the charm of the 70s era
CTR  Shri Sagar,malleshwaram,I recently visited Central Tiffin Rooms CTR Bangalore and it once again reminded me why this place holds such a special place in the hearts of South Indian food lovers,4.0,"i recently visited central tiffin rooms (ctr), bangalore, and it once again reminded me why this place holds such a special place in the hearts of south indian food lovers."
CTR  Shri Sagar,malleshwaram,The food as expected was outstanding CTR truly serves one of the best Benne Masala Dosas in the world,4.0,"the food, as expected, was outstanding. ctr truly serves one of the best benne masala dosas in the world"
CTR  Shri Sagar,malleshwaram,CTR is one of the best places in Bangalore to enjoy authentic South Indian breakfast,4.0,ctr is one of the best places in bangalore to enjoy authentic south indian breakfast.
CTR  Shri Sagar,malleshwaram,Visited this beautiful oldstyle place in Malleswaram and it turned out to be such a lovely experience,5.0,visited this beautiful old-style place in malleswaram and it turned out to be such a lovely experience!
CTR  Shri Sagar,malleshwaram,If youre someone who enjoys authentic Bangalorestyle breakfast with that nostalgic charm this place is a mustvisit,5.0,"if youâre someone who enjoys authentic bangalore-style breakfast with that nostalgic charm, this place is a must-visit."
CTR  Shri Sagar,malleshwaram,No wow factor not worth the hype and definitely not worth standing in a 1520 minute queue,3.0,"no wow factor, not worth the hype, and definitely not worth standing in a 15-20 minute queue."
CTR  Shri Sagar,malleshwaram,Tbh the best dosa Ive had in Bengaluru so far especially their Benne masala dosa Absolutely delicious and perfectly made,5.0,"tbh the best dosa iâve had in bengaluru so far, especially their benne masala dosa. absolutely delicious and perfectly made"
CTR  Shri Sagar,malleshwaram,106yearold legendary breakfast spot that truly lives up to its reputation,5.0,106-year-old legendary breakfast spot that truly lives up to its reputation.
CTR  Shri Sagar,malleshwaram,CTR in Malleshwaram is a legendary breakfast spot and truly reflects oldschool Bengaluru charm,4.0,ctr in malleshwaram is a legendary breakfast spot and truly reflects old-school bengaluru charm.
CTR  Shri Sagar,malleshwaram,Benne masala dosa was so good They provide 2 chutneys but no sambar,5.0,benne masala dosa was so good. they provide 2 chutneys but no sambar.
CTR  Shri Sagar,malleshwaram,It gives you the old vintage style vibes Really liked the vada and filter coffee,3.0,it gives you the old vintage style vibes. really liked the vada and filter coffee.
CTR  Shri Sagar,malleshwaram,Came here with high expectations due to the hype but unfortunately it didnt live up to it,3.0,"came here with high expectations due to the hype, but unfortunately, it didnât live up to it."
CTR  Shri Sagar,malleshwaram,You are going here for nothing but the food The benne or ghee dosa is the best,4.0,you are going here for nothing but the food! the benne or ghee dosa is the best!
CTR  Shri Sagar,malleshwaram,This is such an amazing and authentic breakfast place in Malleswaram,5.0,this is such an amazing and authentic breakfast place in malleswaram.
CTR  Shri Sagar,malleshwaram,after seeing all the hype Honestly it was just decentcrispy buttery and fine in taste but nothing special,4.0,"after seeing all the hype. honestly, it was just decent-crispy, buttery, and fine in taste, but nothing special."
CTR  Shri Sagar,malleshwaram,The coffee was good as well The crowd was huge however it was all resolved and everyone got place to sit and eat,4.0,the coffee was good as well. the crowd was huge however it was all resolved and everyone got place to sit and eat.
CTR  Shri Sagar,malleshwaram,An unpopular opinion We tried their Benne Masala Dosa and Mangalore Bajji But honestly it wasnt worth the hype,3.0,"an unpopular opinionâ¦ we tried their benne masala dosa and mangalore bajji. but honestly, it wasnât worth the hype."
CTR  Shri Sagar,malleshwaram,Went here for breakfast on a holiday Limited seating parking is available but limited space,4.0,"went here for breakfast on a holiday. limited seating, parking is available but limited space."
CTR  Shri Sagar,malleshwaram,This is my favourite goto restaurant,5.0,this is my favourite go-to restaurant!!
CTR  Shri Sagar,malleshwaram,Best place for morning breakfast and go to place for the crispiest dosa,4.0,best place for morning breakfast and go to place for the crispiest dosa.
CTR  Shri Sagar,malleshwaram,Very good Doss crisp on the outside soft on the inside,4.0,"very good dosã¨s, crisp on the outside soft on the inside."
CTR  Shri Sagar,malleshwaram,Central Tiffin Room CTR or Sri Sagar Hotel is a heritage restaurant in northwest Bangalore established in the 1920s by YV Subramanyam,5.0,central tiffin room (ctr) or sri sagar hotel is a heritage restaurant in northwest bangalore established in the 1920s by y.v. subramanyam.
CTR  Shri Sagar,malleshwaram,The dosa was 1010 but quite disappointed with other things,4.0,the dosa was 10/10 but quite disappointed with other things.
CTR  Shri Sagar,malleshwaram,This place is too much over hyped We tried masala dosa idly vada filter coffee rava idly kesari bath,3.0,"this place is too much over hyped. we tried masala dosa, idly, vada, filter coffee, rava idly, kesari bath"
CTR  Shri Sagar,malleshwaram,Very famous but I found the food not so great,4.0,"very famous, but i found the food not so great."
CTR  Shri Sagar,malleshwaram,The food quality was very poor I took the inlet itselfpoori parcel after hearing a lot of hype,3.0,"the food quality was very poor. i took the inlet itself,poori parcel after hearing a lot of hype"
CTR  Shri Sagar,malleshwaram,Masala Dose is very nice Set dose is okcoffe tastes good There will be crowd always,4.0,masala dose is very nice. set dose is ok.coffe tastes good. there will be crowd always.
CTR  Shri Sagar,malleshwaram,A very nice dose place in the city This is one of the well known dose places,5.0,a very nice dose place in the city. this is one of the well known dose places
CTR  Shri Sagar,malleshwaram,They also serve good idly sambarchutney and filter coffee makes the ending of your brunch perfect,5.0,they also serve good idly sambar-chutney and filter coffee makes the ending of your brunch perfect.â
CTR  Shri Sagar,malleshwaram,Overall CTR is a great spot if youre craving classic South Indian breakfast or snacks,5.0,"overall, ctr is a great spot if you're craving classic south indian breakfast or snacks."
CTR  Shri Sagar,malleshwaram,Delicious food let down by mediocre service Vade was crispy and fluffy at the same time,4.0,delicious food let down by mediocre service. vade was crispy and fluffy at the same time.
CTR  Shri Sagar,malleshwaram,Dose was not up to point and hype but kesri bath and rava idli was damn good,4.0,dose was not up to point and hype but kesri bath and rava idli was damn good
CTR  Shri Sagar,malleshwaram,Best dosa Ive ever had in my life Super crunchy super tasty very authentic,5.0,"best dosa iâve ever had in my life. super crunchy super tasty, very authentic."
CTR  Shri Sagar,malleshwaram,The best Indian breakfast I ever had You must try it when got a chance,5.0,the best indian breakfast i ever had! you must try it when got a chance!
CTR  Shri Sagar,malleshwaram,Best Dosa This place is always hyped busy and truly worth the money,5.0,"best dosa! ð¥ this place is always hyped, busy, and truly worth the money."
CTR  Shri Sagar,malleshwaram,If youre looking for the best dosa in Bangalore your search ends here,5.0,"if you're looking for the best dosa in bangalore, your search ends here."
CTR  Shri Sagar,malleshwaram,Very iconic no frills restaurant The food was finger licking good as was the filter coffee Very quaint Very charming,5.0,"very iconic , no frills restaurant . the food was finger licking good - as was the filter coffee ! very quaint . very charming !"
CTR  Shri Sagar,malleshwaram,Perfect breakfast spot Their butter masala dosa are to die for I really recommend this place Idlis are so soft Chutney is so refreshing,5.0,perfect breakfast spot. their butter masala dosa are to die for. i really recommend this place. idliâs are so soft. chutney is so refreshing. ðð»
CTR  Shri Sagar,malleshwaram,Overhyped underwhelming Horrible food and service Took 20min to get a plate of dosa,3.0,overhyped & underwhelming. horrible food and service. took 20min to get a plate of dosa.â
CTR  Shri Sagar,malleshwaram,They have literally forgotten to salt in the dishes and nobody care over here There are 100 better restaurants in Bangalore over this,3.0,they have literally forgotten to salt in the dishes and nobody care over here . there are 100 better restaurants in bangalore over this
CTR  Shri Sagar,malleshwaram,A True Hidden Gem of Culinary Delights,5.0,"a true hidden gem of culinary delights"""
CTR  Shri Sagar,malleshwaram,CTR malleshwaram is a go to place for the best masala dosa in the city,5.0,ctr malleshwaram is a go to place for the best masala dosa in the city.â
CTR  Shri Sagar,malleshwaram,The dosa was very crispy and buttery But Rava idli was quite ordinary,4.0,the dosa was very crispy and buttery. but rava idli was quite ordinary.
CTR  Shri Sagar,malleshwaram,Best thing to try Benne Masala Dosa Ghee Masala Dosa ending with coffee,4.0,best thing to try * benne masala dosa / ghee masala dosa ending with coffee.
CTR  Shri Sagar,malleshwaram,i dont think there are words to describe CTR food excellent food excellent service,5.0,i dont think there are words to describe ctr food. excellent food. excellent service.
MTR,Sudhama Nagar,Where history is served on a plate MTR legendary more than 100years old,5.0,where history is served on a plate mtr legendary more than 100years old
MTR,Sudhama Nagar,I recently visited MTR near Lal bagh for both breakfast and lunch and overall it was a very pleasant experience,5.0,"i recently visited mtr near lal bagh for both breakfast and lunch, and overall, it was a very pleasant experience."
MTR,Sudhama Nagar,This was my first visit to MTR Had heard alot about their authentic South Indian cuisine,5.0,this was my first visit to mtr. had heard alot about their authentic south indian cuisine.
MTR,Sudhama Nagar,MTR is one of the legacy restaurants in bangalore I feel the taste is not as good as it was before,4.0,mtr is one of the legacy restaurants in bangalore. i feel the taste is not as good as it was before.
MTR,Sudhama Nagar,Im quite mad that I hadnt discovered this gem of a restaurant till now,5.0,i'm quite mad that i hadn't discovered this gem of a restaurant till now.
MTR,Sudhama Nagar,Amazing nostalgia served with a side of a thimble of ghee,4.0,amazing nostalgia served with a side of a thimble of ghee.
MTR,Sudhama Nagar,Dont expect too much I mean it is just another spot where you get a decent dosa,4.0,don't expect too much! i mean it is just another spot where you get a decent dosa.
MTR,Sudhama Nagar,MTRs first restaurant quality food hygienic environment,5.0,"mtr's first restaurant, quality food, hygienic environment."
MTR,Sudhama Nagar,Food have same taste of usual Udupi hotel not that much great,3.0,food have same taste of usual udupi hotel not that much great.
MTR,Sudhama Nagar,An authentic and truly gem of Bengaluru to enjoy the culinary experience,5.0,an authentic and truly gem of bengaluru to enjoy the culinary experience.
MTR,Sudhama Nagar,One of the finest South Indian restaurant for tiffin and special meals which is unlimited in everything,5.0,one of the finest south indian restaurant for tiffin and special meals which is unlimited in everything.
MTR,Sudhama Nagar,MTR was succesful in bringing their own uniqueness to the classil South Indian dish,5.0,mtr was succesful in bringing their own uniqueness to the classil south indian dish.
MTR,Sudhama Nagar,My second visit here Rava idli was best like last time badam halwa also good,4.0,"my second visit here. rava idli was best like last time, badam halwa also good."
MTR,Sudhama Nagar,Hot stop for authentic south Indian vegetarian delicacies,5.0,hot stop for authentic south indian vegetarian delicacies. ððð
MTR,Sudhama Nagar,The food was tasty and there service was good expect 40 mins of waiting time during rush hours,4.0,"the food was tasty and there service was good, expect 40 mins of waiting time during rush hours"
MTR,Sudhama Nagar,Over hyped restaurant with absurdly high price,3.0,over hyped restaurant with absurdly high price.
MTR,Sudhama Nagar,Very disappointing experience We visited MTR Lalbagh a year ago and the thali had a much better,3.0,"very disappointing experience. we visited mtr lalbagh a year ago, and the thali had a much better"
MTR,Sudhama Nagar,If you ever thought this may not be worth the hype You are wrong,5.0,if you ever thought this may not be worth the hype. you are wrong!
MTR,Sudhama Nagar,Good place for lunch simple and tasty On weekends brace for waiting times 3040 mins,4.0,"good place for lunch, simple and tasty. on weekends brace for waiting times 30-40 mins"
MTR,Sudhama Nagar,Taste was okay types felt MTR is quite hyped but the service was really poor server was kinda rude,4.0,"taste was okay typesâ¦ felt mtr is quite hyped but the service was really poor, server was kinda rude"
MTR,Sudhama Nagar,Most of the items in the menu are not available Expensive for the dining experience and quantity we get,3.0,most of the items in the menu are not available. expensive for the dining experience and quantity we get.
MTR,Sudhama Nagar,For me it was wowitsyummy kind of delicious,4.0,for me it was wow-its-yummy kind of delicious
MTR,Sudhama Nagar,The system is so broken Menu is displayed on a board on the ground floor without the pricing,3.0,the system is so broken. menu is displayed on a board on the ground floor - without the pricing.
MTR,Sudhama Nagar,The experience due to wait time gets subsided food is definitely very good,4.0,"the experience due to wait time gets subsided, food is definitely very good.â"
MTR,Sudhama Nagar,If you are hard core dosa lover then the place is fine otherwise with these it comes to average,4.0,if you are hard core dosa lover then the place is fine otherwise with these it comes to average.
MTR,Sudhama Nagar,Best of banglore It still retains its old charm I visit this place every time im in Bangalore Must visit,5.0,"best of banglore. it still retains its old charm, i visit this place every time im in bangalore. must visit"
MTR,Sudhama Nagar,special meals was just ordinary for the price waste of money,3.0,special meals was just ordinary for the price. waste of money
MTR,Sudhama Nagar,One of the best place to have breakfast if you are in Bengaluru,5.0,one of the best place to have breakfast if you are in bengaluru.â
MTR,Sudhama Nagar,Food they serves is so delicious and yummy that you keep eating,5.0,food they serves is so delicious and yummy that you keep eating.
MTR,Sudhama Nagar,Great experience with the place and staff Food is just amazing best Masala Dosa I have had in a long time,5.0,great experience with the place and staff. food is just amazing best masala dosa i have had in a long time.
MTR,Sudhama Nagar,Had tiffin from the Indiranagar hotel very bad food Not recommended,2.0,had tiffin from the indiranagar hotel. very bad food. not recommended
MTR,Sudhama Nagar,Very average dosa and idly does not deserve to be rated this high,3.0,"very average dosa and idly , does not deserve to be rated this high.â"
MTR,Sudhama Nagar,It is one of the best place to have South Indian food,5.0,it is one of the best place to have south indian food.
MTR,Sudhama Nagar,MTR has been known for its breakfast dishes and also their lunch thali,4.0,mtr has been known for its breakfast dishes and also their lunch thali.
MTR,Sudhama Nagar,The most stupid staff came accrossNo manners to talk,3.0,the most stupid staff came accross..no manners to talkâ
MTR,Sudhama Nagar,I had visited MTR with my family and the food was really very tasty,5.0,i had visited mtr with my family and the food was really very tasty.
MTR,Sudhama Nagar,My mother really loved the food Her satisfaction to have the meal in an authentic way,5.0,my mother really loved the food. her satisfaction to have the meal in an authentic wayâ
MTR,Sudhama Nagar,Everything was so tasty especially all the dosa varities It is a literal South Indian paradise,5.0,"everything was so tasty, especially all the dosa varities. it is a literal south indian paradise."
MTR,Sudhama Nagar,Honestly not at all worth the hype,2.0,honestly not at all worth the hype.
MTR,Sudhama Nagar,MTR is an emotion to most of the Bangaloreans and they still carry it well,4.0,"mtr is an emotion to most of the bangaloreans, and they still carry it well."
MTR,Sudhama Nagar,The worst ever I have ever visitedtoo expensive for the quality they provide unnecessary waiting,3.0,"the worst ever i have ever visited...too expensive for the quality they provide , unnecessary waiting."
MTR,Sudhama Nagar,MTR was a legend though only once upon a time The quality service and taste levels are just not upto the mark,4.0,"mtr was a legend, though only once upon a time. the quality, service and taste levels are just not upto the mark."
MTR,Sudhama Nagar,Food service ambience all need an upgrade,3.0,"food, service & ambience... all need an upgrade."
MTR,Sudhama Nagar,Horrible experience Other MTRs are much better,3.0,horrible experience. other mtrs are much better.
MTR,Sudhama Nagar,Well one of the most legendary and renowned South Indian restaurants in Bengaluru MTR,5.0,"well, one of the most legendary and renowned south indian restaurants in bengaluru, mtr!"
MTR,Sudhama Nagar,A good place to have South Indian tiffin Must try Ghee roast masala dosa,5.0,a good place to have south indian tiffin. must try ghee roast masala dosa.
MTR,Sudhama Nagar,Taste wise awesome For breakfast visit before 900 am,4.0,â taste wise awesome. for breakfast visit before 9:00 am
MTR,Sudhama Nagar,This would be probably one of thr best South Indian place I have been,5.0,this would be probably one of thr best south indian place i have been.â
MTR,Sudhama Nagar,I solely love the place whenever I visit here for the taste that it has to provide,5.0,"i solely love the place whenever i visit here, for the taste that it has to provide."
MTR,Sudhama Nagar,If you like fine dining places this place is not for you This place is more like a dining place where you might need to wait in a long queue But the wait is worth it,4.0,if you like fine dining places this place is not for you. this place is more like a dining place where you might need to wait in a long queue. but the wait is worth it!
MTR,Sudhama Nagar,Quick service great ambiance and a place kept neat and clean,5.0,"quick service , great ambiance and a place kept neat and clean"
MTR,Sudhama Nagar,Absolutely THE most Bangaloreesque Bangalore restaurant that comes to mind when you want that delicious Bangalore food,5.0,absolutely the most bangalore-esque bangalore restaurant that comes to mind when you want that delicious bangalore food
MTR,Sudhama Nagar,This is the place in Bangalore to enjoy awesome traditional South Indian snacks prepared and served in hygiene conditions,5.0,this is the place in bangalore to enjoy awesome traditional south indian snacks prepared and served in hygiene conditions
MTR,Sudhama Nagar,The ogundoubtedly one of the best dosas you can get in bangalorebear with the crowd if going on a weekend,5.0,"the og,undoubtedly one of the best dosas you can get in bangalore,bear with the crowd if going on a weekend."
MTR,Sudhama Nagar,Breakfast in this joint is always like a must do thing if you are planning for a holiday in Bangalore taste at its best,5.0,breakfast in this joint is always like a must do thing if you are planning for a holiday in bangalore. taste at its best :)
MTR,Sudhama Nagar,Amazing place to visithad a memorable and delicious breakfast The environment in here is little crowded but its really worth,5.0,amazing place to visit...had a memorable and delicious breakfast. the environment in here is little crowded but it's really worth
MTR,Sudhama Nagar,Breakfast is great but i have had it a lot of times and its quite similar in the city with each of their tweaks Lunch was a first for me and its was a huge lunch,4.0,breakfast is great but i have had it a lot of times and its quite similar in the city with each of their tweaks. lunch was a first for me and its was a huge lunch.
MTR,Sudhama Nagar,The food was excellent and the service was decently good But the place is too crowded,5.0,"the food was excellent, and the service was decently good. but the place is too crowded."
MTR,Sudhama Nagar,MTR lunch home is one of the OG places you have to stop by,5.0,mtr lunch home is one of the og places you have to stop by.
MTR,Sudhama Nagar,Amazing south Indian taste with all classic feel Enjoyed the masala dosa here The thing that I liked is dosa layer was thick but still properly bakedcooked,5.0,"amazing south indian taste with all classic feel. enjoyed the masala dosa here. the thing that i liked is, dosa layer was thick but still properly baked/cooked"
MTR,Sudhama Nagar,Delectable filling breakfast of Rava idli masala dosa with a rich smear of pure ghee Very Yummy,5.0,delectable & filling breakfast of rava idli & masala dosa with a rich smear of pure ghee. very yummy
MTR,Sudhama Nagar,No need for publicity MTR is world famous Little expensive now but no one cares as getting a seat is important None to match,5.0,no need for publicity. mtr is world famous. little expensive now but no one cares as getting a seat is important. none to match.
MTR,Sudhama Nagar,Mavalli Tiffin Rooms is quiet synonymous with authentic home style Karnataka food that is available in Bangalore,4.0,"mavalli tiffin rooms is quiet synonymous with authentic, home style karnataka food that is available in bangalore"
MTR,Sudhama Nagar,Excellent service Impeccable quality Undeniable quantity Make sure you check the timings before going as lunch starts at 1230,5.0,"excellent service, impeccable quality, undeniable quantity. make sure you check the timings before going as lunch starts at 12:30"
Truffles,"Koramangala,Bengaluru",Had a wonderful experience at Truffles,5.0,had a wonderful experience at truffles
Truffles,"Koramangala,Bengaluru",Truffles naver disappoints,5.0,truffles naver disappoints
Truffles,"Koramangala,Bengaluru",Visited Truffles for lunvh with friends and had a great experience,5.0,visited truffles for lunvh with friends and had a great experience
Truffles,"Koramangala,Bengaluru",I really loved the fish n chipsIt is my favourite,4.0,i really loved the fish n chips.it is my favourite
Truffles,"Koramangala,Bengaluru",Absolutely loved the food and ambience The tacos were super,5.0,absolutely loved the food and ambience! the tacos were super
Truffles,"Koramangala,Bengaluru",Had an amazing time with TrufflesThe ambience was super cozy,5.0,had an amazing time with truffles.the ambience was super cozy
Truffles,"Koramangala,Bengaluru",The american burger and rooster burger tasted really good,3.0,the american burger and rooster burger tasted really good
Truffles,"Koramangala,Bengaluru",Truffles is the most go to place for lunch in koramangala,5.0,truffles is the most go to place for lunch in koramangala
Truffles,"Koramangala,Bengaluru",Truffles in Koramangala is a classic for a reasonTheir burgers are,4.0,truffles in koramangala is a classic for a reason!their burgers are
Truffles,"Koramangala,Bengaluru",Overallnice place to visit,4.0,"overall,nice place to visit."
Truffles,"Koramangala,Bengaluru",Always buzzingspecially on weekendsexpect long wait times,4.0,"always buzzing,specially on weekends-expect long wait times"
Truffles,"Koramangala,Bengaluru",A perfect spot for delicious food without hurting your wallet,5.0,a perfect spot for delicious food without hurting your wallet
Truffles,"Koramangala,Bengaluru",Recommendedvery polite and ethical management,5.0,"recommended,very polite and ethical management"
Truffles,"Koramangala,Bengaluru",Servicequite promptAtmospherequite comfortable,3.0,"service:quite prompt,atmosphere:quite comfortable."
Truffles,"Koramangala,Bengaluru",Like that it is upgraded so much to become so spacious,4.0,like that it is upgraded so much to become so spacious.
Truffles,"Koramangala,Bengaluru",Loved the food and it is quite well managed or the amount of,5.0,loved the food and it is quite well managed or the amount of
Truffles,"Koramangala,Bengaluru",Absolutely loved the experiemce at Truffles Koramanagala,4.0,absolutely loved the experiemce at truffles koramanagala
Truffles,"Koramangala,Bengaluru",The place is always too crowdy whenever I visit there,4.0,the place is always too crowdy whenever i visit there
Truffles,"Koramangala,Bengaluru",Very good service,4.0,very good service!!
Truffles,"Koramangala,Bengaluru",Ambience and service is great,3.0,ambience and service is great.
Truffles,"Koramangala,Bengaluru",The hype is real we will visit again definitely,5.0,the hype is real we will visit again definitely
Truffles,"Koramangala,Bengaluru",The place is in a really prime location but the food is not too,4.0,the place is in a really prime location but the food is not too
Truffles,"Koramangala,Bengaluru",Truffles is agreat spot if you are craving indulgent comfort food,5.0,truffles is agreat spot if you are craving indulgent comfort food
Truffles,"Koramangala,Bengaluru",The service was incredibly fast and the staff was polite and,5.0,the service was incredibly fast and the staff was polite and
Truffles,"Koramangala,Bengaluru",Amazing taste and servicesa must try place,4.0,"amazing taste and services,a must try place."
Truffles,"Koramangala,Bengaluru",I visited Truffles Koramangala and absolutely loved the vibe,5.0,i visited truffles koramangala and absolutely loved the vibe.
Truffles,"Koramangala,Bengaluru",This continental caf stands out for its affordable prices and wide,5.0,this continental cafã© stands out for it's affordable prices and wide
Truffles,"Koramangala,Bengaluru",Delicious food and polite staffsMust try all veg American cheese,5.0,delicious food and polite staffs.must try all veg american cheese
Truffles,"Koramangala,Bengaluru",Truffles is a great place to visitwhether you are hungry or just in,4.0,"truffles is a great place to visit,whether you are hungry or just in"
Truffles,"Koramangala,Bengaluru",Very well maintained park in the locality and it is perfect for,5.0,very well maintained park in the locality and it is perfect for
Trufflles,"Koramangala,Bengaluru",Despite the crowd nd a slight delay in the service the experience,5.0,despite the crowd nd a slight delay in the service the experience
Truffles,"Koramangala,Bengaluru",We recently visited and they gave us a complimentary mango,5.0,we recently visited and they gave us a complimentary mango
Truffles,"Koramangala,Bengaluru",Good burgerstried their new dishes and loved it all,5.0,"good burgers,tried their new dishes and loved it all."
Truffles,"Koramangala,Bengaluru",If you love cheesethen this might be the best plac for ypur taste,4.0,"if you love cheese,then this might be the best plac for  ypur taste"
Truffles,"Koramangala,Bengaluru",one among the best cafe to hangout with friends and cousins,5.0,one among the best cafe to hangout with friends and cousins.
Truffles,"Koramangala,Bengaluru",I tried chicken hotty burger here and it tasted really good,5.0,i tried chicken hotty burger here and it tasted really good.
Truffles,"Koramangala,Bengaluru",Whenever I am confused about where to eatTruffles is my,5.0,whenever i am confused about where to eat.truffles is my
Truffles,"Koramangal,Bengaluru",Thia place is very famous in this area for its affordability with the,4.0,thia place is very famous in this area for it's affordability with the
Truffles,"Koramangala,Bengaluru",The food tastes really good and there is no doubt about it and it,5.0,the food tastes really good and there is no doubt about it and it
Truffles,"Koramangala,Bengaluru",This place is just overhyped and the food tastes below average,2.0,this place is just overhyped and the food tastes below average.
Truffles,"Koramangala,Bengaluru",Here everything is served fresh nd the food is absolutely delicious,5.0,here everything is served fresh nd the food is absolutely delicious
Truffles,"Koramangala,Bengaluru",I became afan after the firt bite of American cheese burgera must,4.0,"i became afan after the firt bite of american cheese burger,a must"
Truffles,"Koramangala,Bengaluru",fantastic quality food,5.0,fantastic quality food.
Truffles,"Koramangala,Bengaluru",I have been to truffles a few times and it has never disappointed,5.0,i have been to truffles a few times and it has never disappointed
Truffles,"Koramangala,Bengaluru",This place sets a fine equilibrium between the quality of meals and,5.0,this place sets a fine equilibrium between the quality of meals and
Truffles,"Koramangala,Bengaluru",Truffles has always been that place thats perfect for brunch,5.0,truffles has always been that place that's perfect for brunch.
Truffles,"Koramangala,Bengaluru",Heard a lot about this place but it didnt live up to the hype for me,3.0,heard a lot about this place but it didn't live up to the hype for me
Truffles,"Koramangala,Bengaluru",Good servicefood quality was good as wellDelivery time was,4.0,"good service,food quality was good as well.delivery time was"
Truffles,"Koramangala,Bengaluru",Quality of burger is excelent and decent place to chill,5.0,quality of burger is excelent and decent place to chill.
Truffles,"Koramangala,Bengaluru",The apple pie was really bad the burgerspasta and desserts were,3.0,"the apple pie was really bad, the burgers,pasta and desserts were"
Truffles,"Koramangala,Bengaluru",Truffles has never disappointed us when it comes to comfort food,5.0,truffles has never disappointed us when it comes to comfort food
Truffles,"Koramangala,Bengaluru",One of the best burger I have ever eaten in indialoved it,4.0,"one of the best burger i have ever eaten in india,loved it."
Truffles,"Koramangala,Bengaluru",No comments or picture requiredIts top notch,5.0,no comments or picture required!it's top notch.
Truffles,"Koramangala,Bengaluru",Their portions are hugeIt is a paradise for meat lovers and,4.0,their portions are huge!it is a paradise for meat lovers and
Truffles,"Koramangala,Bengaluru",This place is excelent and well situated in a place where there is,4.0,this place is excelent and well situated in a place where there is
Truffles,"Koramangala,Bengaluru",Visited TrufflesKoramangala for lunch and honestly had a really,5.0,"visited truffles,koramangala for lunch and honestly had a really"
Truffles,"Koramangala,Bengaluru",I recently visited Truffles in koramangala for the first time and,5.0,i recently visited truffles in koramangala for the first time and
Empire restaurant,"Koramangala,Bengaluru",I must say Empire Hotel placed at Koramangala location is more than the expectation Their rooms are very cleaned and well maintained supportive staff and highly attentive front office managers,4.0,"i must say empire hotel placed at koramangala location is more than the expectation. their rooms are very cleaned, and well maintained, supportive staff and highly attentive front office managers"
Empire restaurant,"Koramangala,Bengaluru",Visited Empire Restaurant in Koramangala and ordered their chicken biryani The experience was quite underwhelming,2.0,visited empire restaurant in koramangala and ordered their chicken biryani. the experience was quite underwhelming
Empire restaurant,"Koramangala,Bengaluru",Food was tasty mainly their butter chicken and grill chicken They have many variety of parota malabar parotta is my favourite,5.0,"food was tasty mainly their butter chicken and grill chicken. they have many variety of parota, malabar parotta is my favourite."
Empire restaurant,"Koramangala,Bengaluru",Food tastes really good the prices are very reasonable and the portion sizes are satisfying,4.0,"food tastes really good, the prices are very reasonable, and the portion sizes are satisfying"
Empire restaurant,"Koramangala,Bengaluru",Honestly the service at Empire was really bad and pathetic I walked in and waited almost 15 minutes just to get a menu but nobody even bothered,1.0,"honestly, the service at empire was really bad and pathetic. i walked in and waited almost 15 minutes just to get a menu, but nobody even bothered"
Empire restaurant,"Koramangala,Bengaluru",We visited Empire Restaurant during our trip from Chennai based on the positive reviews While the food itself was good the overall experience was disappointing,1.0,"we visited empire restaurant during our trip from chennai, based on the positive reviews. while the food itself was good, the overall experience was disappointing"
Empire restaurant,"Koramangala,Bengaluru",Best for nighr cravings spotI had a good experience here overall The food was tasty and the service was attentive,4.0,best for nighr cravings spoti had a good experience here overall. the food was tasty and the service was attentive
Empire restaurant,"Koramangala,Bengaluru",Very disappointed with my experience at Empire Koramangala The biryani tasted very bad and the food quality was poor The service was extremely slow,1.0,very disappointed with my experience at empire koramangala. the biryani tasted very bad and the food quality was poor. the service was extremely slow
Empire restaurant,"Koramangala,Bengaluru",Had a great time here Food and Service was great The ambiance was very satisfying,5.0,had a great time here . food and service was great. the ambiance was very satisfying.
Empire restaurant,"Koramangala,Bengaluru",Yesterday I have visited with friends for dinner we ordered food like grill chicken butter chicken When we tasted the grill chicken its taste is terrible,2.0,"yesterday i have visited with friends for dinner. we ordered food like grill chicken, butter chicken, when we tasted the grill chicken it's taste is terrible"
Empire restaurant,"Koramangala,Bengaluru",Good service and food quality also vey nice and great hospitality,5.0,good service and food quality also vey nice and great hospitality
Empire restaurant,"Koramangala,Bengaluru",Had a great experience Madhav was always around the corner for us Had a great time,5.0,had a great experience. madhav was always around the corner for us! had a great time.
Empire restaurant,"Koramangala,Bengaluru",Had a good time here Great food and good service as well,5.0,had a good time here. great food and good service as well.
Empire restaurant,"Koramangala,Bengaluru",Wonderful service nabam lama very tasty food quality thank you,5.0,wonderful service nabam lama & very tasty food quality thank you
Empire restaurant,"Koramangala,Bengaluru",Worst chicken rice just 4 small piece maximum 50 grams only taste also worsth,2.0,worst chicken rice just 4 small piece maximum 50 grams only taste also worsth
Empire restaurant,"Koramangala,Bengaluru",Worst Biryani Experience Ever Complete Waste of Money,1.0,worst biryani experience ever â complete waste of money
Empire restaurant,"Koramangala,Bengaluru",The food taste was okay and the atmosphere was also fine But the service at this Koramangala branch is the worst I have ever experienced,2.0,the food taste was okay and the atmosphere was also fine. but the service at this koramangala branch is the worst i have ever experienced
Empire restaurant,"Koramangala,Bengaluru",The food was good but the service was very poor The server and the person who took order was rude,1.0,the food was good but the service was very poor. the server and the person who took order was rude
Empire restaurant,"Koramangala,Bengaluru",Nice restaurant with great varieties Service is superb Thanks to Captain Bimal It was wonderful experience having lunch at the place,5.0,nice restaurant with great varieties. service is superb. thanks to captain bimal. it was wonderful experience having lunch at the place.â
Empire restaurant,"Koramangala,Bengaluru",Fantastic hospitality Navam lama and tak ki very tasty butter chicken and parota and roti thank you,5.0,fantastic hospitality navam lama and tak ki very tasty ð butter chicken and parota and roti thank you
Empire restaurant,"Koramangala,Bengaluru",I really liked the empire restaurant ambiance and food I enjoyed Grill chicken along with Mutton Biryani,5.0,i really liked the empire restaurant ambiance and food. i enjoyed grill chicken along with mutton biryani.
Empire restaurant,"Koramangala,Bengaluru",Had a wonderful dining experience here The coin parota with chicken kurma was soft flaky and perfectly paired with a rich flavorful kurma,5.0,"had a wonderful dining experience here! the coin parota with chicken kurma was soft, flaky, and perfectly paired with a rich, flavorful kurma"
Empire restaurant,"Koramangala,Bengaluru",This place is very nice but the service is bit low They take a lot of time to get food for usoverall the food is good and the place is excellent,4.0,this place is very nice but the service is bit low. they take a lot of time to get food for us..overall the food is good and the place is excellent
Empire restaurant,"Koramangala,Bengaluru",Service and hospitality super and food quality also vey nice and by nitesh captain great guys,5.0,service and hospitality super and food quality also vey nice and by nitesh captain great guys ð
Empire restaurant,"Koramangala,Bengaluru",I had a very disappointing experience at Empire Restaurant in Koramangala The food quality was far below expectations the starters were oily and poorly prepared,1.0,i had a very disappointing experience at empire restaurant in koramangala. the food quality was far below expectations â the starters were oily and poorly prepared.
Empire restaurant,"Koramangala,Bengaluru",The food too good Mohammad Yasir really served us nicely The service is good Can be improved more Nicely food Great taste Must visit place,5.0,the food too good. mohammad yasir really served us nicely. the service is good. can be improved more. nicely food. great taste. must visit place
Empire restaurant,"Koramangala,Bengaluru",Service very nice and food also tasty and most important great hospitality by nitesh visit again soon,4.0,service very nice and food also tasty and most important great hospitality by nitesh visit again soon
Empire restaurant,"Koramangala,Bengaluru",Had dinner with my family Not even impressed with the food here The starters are ok Tried Fish not even cooked properly its a bit raw smelly,2.0,had dinner with my family. not even impressed with the food here. the starters are ok. tried fish not even cooked properly it's a bit raw & smelly.
Empire restaurant,"Koramangala,Bengaluru",Fantastic service Anish Khan nabam lama beautiful place tasty food thank you,5.0,fantastic service anish khan & nabam lama beautiful place & tasty ð food thank you
Empire restaurant,"Koramangala,Bengaluru",For someone who doesnt like fish the crispy fish fry stole my heart couldnt stop myself devouring these minutes Overall the every delicacy here is topknot,5.0,"for someone who doesn't like fish, the crispy fish fry stole my heart couldn't stop myself devouring these minutes. over-all the every delicacy here is top-knot"
Empire restaurant,"Koramangala,Bengaluru",This Restaurant has some interesting and a variety of options And most of the food tasted good I would recommend trying their mutton keema dosa,4.0,this restaurant has some interesting and a variety of options. and most of the food tasted good. i would recommend trying their mutton keema dosa
Empire restaurant,"Koramangala,Bengaluru",It was really good service from the staffs at restaurant good customer service very hygiene and friendly budget,5.0,it was really good service from the staffs at restaurant good customer service very hygiene and friendly budget
Empire restaurant,"Koramangala,Bengaluru",Food was excellent with good taste and quality Displayed video of kitchen to ensure hygiene and food operation happening in kitchen,4.0,"food was excellent, with good taste and quality. displayed video of kitchen to ensure hygiene, and food operation happening in kitchen."
Empire restaurant,"Koramangala,Bengaluru",The food was very worth it all the staff were very cooperative and their hospitality was very good especially Anish and Suresh from the staff were very humble,5.0,"the food was very worth it, all the staff were very cooperative and their hospitality was very good, especially anish and suresh from the staff were very humble"
Empire restaurant,"Koramangala,Bengaluru",Well I loved the dishes that I ordered hereTaste was superb But what they need to focus on more is their staff members,4.0,"well, i loved the dishes that i ordered here...taste was superb. but what they need to focus on more is their staff members,"
Empire restaurant,"Koramangala,Bengaluru",Worst staff service got my order wrong 4 times they say food is freshly prepared but when it comes to your table it will be stale and cold,1.0,"worst staff service, got my order wrong 4 times, they say food is freshly prepared but when it comes to your table, it will be stale and cold."
Empire restaurant,"Koramangala,Bengaluru",Food taste is ok Compared to other restaurants in the street the item prices are less Staff strength is phenomenal Service is also at rapid rate,4.0,food taste is ok. compared to other restaurants in the street the item prices are less. staff strength is phenomenal. service is also at rapid rate.
Empire restaurant,"Koramangala,Bengaluru",I visited today at Empire kormangala I had ordered biryani and kabab and some desert i enjoyed that the food was very testy and special thanks for shantanu he was very polite,5.0,i visited today at empire kormangala i had ordered biryani and kabab and some desert i enjoyed that the food was very testy and special thanks for shantanu he was very polite
Empire restaurant,"Koramangala,Bengaluru",The food here is absolutely delicious The staff is incredibly friendly and welcoming making it a wonderful place to dine,5.0,"the food here is absolutely delicious. the staff is incredibly friendly and welcoming, making it a wonderful place to dine"
Empire restaurant,"Koramangala,Bengaluru",The food is very average here Chicken curry kebabs all taste the same I wouldnt recommend,2.0,"the food is very average here. chicken curry, kebabs, all taste the same. i wouldnât recommend."
Empire restaurant,"Koramangala,Bengaluru",Excellent food ambience and services Theres a separate party hall We were 50 people in a group Very convenient,5.0,"excellent food, ambience and services . there's a separate party hall. we were 50 people in a group. very convenient.â"
Empire restaurant,"Koramangala,Bengaluru",The service is good but slow compared to other branches the atmosphere is good too but the food theirs space for it to be better,4.0,"the service is good but slow compared to other branches, the atmosphere is good too, but the food their's space for it to be better"
Empire restaurant,"Koramangala,Bengaluru",Grill chicken Mutton Biryani is must to try Locationfoodambience is perfect But the staff is a bit unprofessional There is a bit of a hustle with the parking,4.0,grill chicken & mutton biryani is must to try. location+food+ambience is perfect. but the staff is a bit unprofessional. there is a bit of a hustle with the parking
Empire restaurant,"Koramangala,Bengaluru",Nice ambiance and good location,4.0,nice ambiance and good location
Empire restaurant,"Koramangala,Bengaluru",Bloody road side street food is better than this dal is fully watery and for alfham nothing they have given what should I have now its my birthday today night this guys made my day bad,1.0,bloody road side street food is better than this dal is fully watery and for alfham nothing they have given what should i have now its my birthday today night this guys made my day bad
Empire restaurant,"Koramangala,Bengaluru",I have a very mixed feeling about this place Service is not so systematic as starters and main courses will be served at once after a long wait,3.0,i have a very mixed feeling about this place. service is not so systematic as starters and main courses will be served at once after a long wait
Empire restaurant,"Koramangala,Bengaluru",Worst service waiter feels he is giving free food The sick attitude of staffs,1.0,"worst service, waiter feels he is giving free food. the sick attitude of staffs"
Empire restaurant,"Koramangala,Bengaluru",No value for price for 500 it was just bones No spices Poor taste,1.0,"no value for price, for 500, it was just bones no spices. poor taste"
Empire restaurant,"Koramangala,Bengaluru",The chicken boneless Biriyani was good and especially the tawa shawarma was great Sandeep served us really well overall it was a good experience,5.0,the chicken boneless biriyani was good and especially the tawa shawarma was great. sandeep served us really well overall it was a good experienceâ
Empire restaurant,"Koramangala,Bengaluru",Great food and amazing experience Mr Lambu offered great service and created a very hospitable environment for us,5.0,great food and amazing experience! mr. lambu offered great service and created a very hospitable environment for us
Empire restaurant,"Koramangala,Bengaluru",Terrible experience with the place The place is quite famous in Koramangala but I could not figure out why,2.0,terrible experience with the place. the place is quite famous in koramangala but i could not figure out why.
Empire restaurant,"Koramangala,Bengaluru",Excellent service lambu and nabam very tasty food quality and beautiful place tq,5.0,excellent service lambu and nabam very tasty food quality and beautiful place tq...
Empire restaurant,"Koramangala,Bengaluru",Ambiance and location of the restaurant is very good Food need to be more tasty as per my opinion,2.0,ambiance and location of the restaurant is very good. food need to be more tasty as per my opinion.
Empire restaurant,"Koramangala,Bengaluru",Food was excellent service is adequate do not expect to be quick even if there is no one in the restaurant must try paneer tikka masala and butter naan,5.0,"food was excellent, service is adequate do not expect to be quick even if there is no one in the restaurant, must try paneer tikka masala and butter naanâ"
Empire restaurant,"Koramangala,Bengaluru",Service was very nice and food also tasty mostly hospitallity wonderful good team works also empire restaurant always my favourite restaurant in banglore,5.0,service was very nice and food also tasty mostly hospitallity wonderful good team' works also empire restaurant always my favourite restaurant in banglore
Empire restaurant,"Koramangala,Bengaluru",In my experience empire restaurant having fresh food and good tasty As well as good service and good behaviour and also clean place The ambiance is great,5.0,in my experience empire restaurant having fresh food and good tasty. as well as good service and good behaviour and also clean place. the ambiance is great.
Empire restaurant,"Koramangala,Bengaluru",Very big restaurant with experienced staff Modernday look but not over the top prices of stuff Loads of food options to choose from,3.0,very big restaurant with experienced staff. modern-day look but not over the top prices of stuff. loads of food options to choose from
Empire restaurant,"Koramangala,Bengaluru",The food was so good and tasty and even the teh service was also good the guy shantanu gave very good service,5.0,the food was so good and tasty and even the teh service was also good the guy shantanu gave very good serviceâ
Empire restaurant,"Koramangala,Bengaluru",Wow service and food quality quantity also good testy amazing,5.0,wow service and food quality quantity also good testy amazing
Empire restaurant,"Koramangala,Bengaluru",Empire offers some really amazing mouth watering kebabs tandoori dishes and chicken biryani The best part is that the restaurant remains open till 330 am,4.0,"empire offers some really amazing mouth- watering kebabs, tandoori dishes and chicken biryani! the best part is that the restaurant remains open till 3:30 am"
Meghana foods,"Indira nagar,Bengaluru",Had a wonderful dining experience at Meghana Foods The Meghana Special Biryani was absolutely deliciousperfectly cooked flavorful and generously portioned,5.0,"had a wonderful dining experience at meghana foods. the meghana special biryani was absolutely deliciousâperfectly cooked, flavorful, and generously portioned."
Meghana foods,"Indira nagar,Bengaluru",Best Chicken Biryani without doubts very well know by the locals and flagship,5.0,best chicken biryani without doubts: very well know by the locals and flagship
Meghana foods,"Indira nagar,Bengaluru",Visited Meghana Foods during my Bangalore trip and honestly I havent had a biryani this good in a long time The flavors were spot on the rice was perfectly cooked,5.0,"visited meghana foods during my bangalore trip, and honestly, i haven't had a biryani this good in a long time. the flavors were spot on, the rice was perfectly cooked"
Meghana foods,"Indira nagar,Bengaluru",We tried the Meghna Special Boneless Chicken Biryani very tasty flavorful and served in generous portions One plate is enough for two people,5.0,"we tried the meghna special boneless chicken biryani, very tasty, flavorful, and served in generous portions. one plate is enough for two people"
Meghana foods,"Indira nagar,Bengaluru",Meghana Foods never disappoints We tried the Nonveg special and Veg special biryani and both were super in taste,5.0,"meghana foods never disappoints! we tried the non-veg special and veg special biryani, and both were super in taste"
Meghana foods,"Indira nagar,Bengaluru",I tried Meghana Special Biryani for the first time yesterday for lunch at their Indiranagar restaurant The taste was outstanding I still cant forget the first bite,5.0,i tried meghana special biryani for the first time yesterday for lunch at their indiranagar restaurant. the taste was outstanding â i still canât forget the first bite
Meghana foods,"Indira nagar,Bengaluru",Honestly I have eaten from Meghana for a very long time but this time Im disappointed The taste is nothing like it used to be,3.0,"honestly i have eaten from meghana for a very long time, but this time iâm disappointed. the taste is nothing like it used to be."
Meghana foods,"Indira nagar,Bengaluru",Best Basmati Rice based Biryani spot in Bengaluru The must try are Paneer Biryani in vegetarian and Meghna Special Boneless Chicken Biryani,5.0,best basmati rice based biryani spot in bengaluru. the must try are paneer biryani in vegetarian and meghna special boneless chicken biryani
Meghana foods,"Indira nagar,Bengaluru",Ordered two starters and two biryanis one veg and one nonveg Both the biryanis were pretty mid definitely had much better biryani at a lot of other places,3.0,"ordered two starters and two biryanis, one veg and one non-veg. both the biryanis were pretty mid, definitely had much better biryani at a lot of other places."
Meghana foods,"Indira nagar,Bengaluru",Without a doubt this is the best chicken biryani Ive ever had A true local favorite and clearly the flagship dish,5.0,"without a doubt, this is the best chicken biryani iâve ever had. a true local favorite and clearly the flagship dish"
Meghana foods,"Indira nagar,Bengaluru",Another 5star experience at Meghana Foods and as usual the food was absolutely delicious The consistency here is unmatched,5.0,"another 5-star experience at meghana foods, and as usual, the food was absolutely delicious! the consistency here is unmatched"
Meghana foods,"Indira nagar,Bengaluru",Always the go biryani place whether its online order or go to dine in place Chicken boneless biryani with guava chilli mocktail was the best combo ever,5.0,"always the go biryani place, whether itâs online order or go to dine in place. chicken boneless biryani with guava chilli mocktail was the best combo everâ"
Meghana foods,"Indira nagar,Bengaluru",We tasted the hyped Mutton Biryani which was just average surprisingly chicken tandoori was good Andhra style chilli chicken was good too,4.0,"we tasted the hyped mutton biryani which was just average ,surprisingly chicken tandoori was good. andhra style chilli chicken was good too"
Meghana foods,"Indira nagar,Bengaluru",The food quality in taste has really gone bad i had been to other outlets and biryani has always been nice and served with salad but this outlet rather was a nightmare,1.0,"the food quality in taste has really gone bad , i had been to other outlets and biryani has always been nice and served with salad but this outlet rather was a nightmare."
Meghana foods,"Indira nagar,Bengaluru",Meghana Foods Indiranagar never disappoints Did a takeaway and everything was packed well fresh and absolutely delicious,4.0,"meghana foods, indiranagar never disappoints. did a takeaway and everything was packed well, fresh, and absolutely delicious."
Meghana foods,"Indira nagar,Bengaluru",I have tried every biryani in Bengaluru and this one is my most favourite Taste is ultimate Quantity is 1 biryani serves 2,5.0,i have tried every biryani in bengaluru and this one is my most favourite. taste is ultimate. quantity is 1 biryani serves 2
Meghana foods,"Indira nagar,Bengaluru",Had a great meal at Meghana Foods Indiranagar We ordered Crispy Baby Corn Chicken Fry and Meghana Special Chicken Biryani The starters were delicious crispy and full of flavor,5.0,"had a great meal at meghana foods, indiranagar. we ordered crispy baby corn, chicken fry, and meghana special chicken biryani. the starters were delicious, crispy, and full of flavor."
Meghana foods,"Indira nagar,Bengaluru",Delicious and flavorful biryani with perfectly cooked chicken Consistently great taste and totally worth it,4.0,delicious and flavorful biryani with perfectly cooked chicken. consistently great taste and totally worth it.
Meghana foods,"Indira nagar,Bengaluru",Meghans spl biryani was tasty and delicious to have and I liked the overall ambience there,5.0,meghans spl biryani was tasty and delicious to have and i liked the overall ambience there
Meghana foods,"Indira nagar,Bengaluru",Loved the paneer biriyani would take all my friends there next time just a request to not ruin the taste by thenthanks,5.0,"loved the paneer biriyaniâ¨ would take all my friends there next time, just a request to not ruin the taste by then..thanksâ"
Meghana foods,"Indira nagar,Bengaluru",Had chicken and mutton biryani here a few days ago Chicken biryani was delicious but mutton biryani was okok Chicken biryani definitely stole the show for us,5.0,had chicken and mutton biryani here a few days ago. chicken biryani was delicious but mutton biryani was ok-ok. chicken biryani definitely stole the show for us.
Meghana foods,"Indira nagar,Bengaluru",Extremely average place with sky high prices was my honest opinion about this place All the mutton dishes and briyanis are at 500 rupees mark which I found exorbitant,3.0,extremely average place with sky high prices was my honest opinion about this place. all the mutton dishes and briyanis are at 500 rupees mark which i found exorbitant
Meghana foods,"Indira nagar,Bengaluru",Their biryani is simply mindblowing Although its packed with people with wait time upto 15 mins the food is worth it Would visit again to try their biryani,5.0,"their biryani is simply mind-blowing. although it's packed with people with wait time upto 15 mins, the food is worth it. would visit again to try their biryani."
Meghana foods,"Indira nagar,Bengaluru",The atmosphere was very vibrant and busy because of its popularity But crowd management is really superb by the waiters Also the service is nice,5.0,the atmosphere was very vibrant and busy because of its popularity. but crowd management is really superb by the waiters. also the service is nice.
Meghana foods,"Indira nagar,Bengaluru",This is probably one of the MOST best resutaraunts ive ever been to Even though the wait for a seat was so long the food made up for every second of it,5.0,"this is probably one of the most best resutaraunts ive ever been to. even though the wait for a seat was so long, the food made up for every second of it"
Meghana foods,"Indira nagar,Bengaluru",Excellent service and a great dining experience We tried several dishes and were impressed overall The lemon chicken was absolutely delicious,4.0,excellent service and a great dining experience! we tried several dishes and were impressed overall. the lemon chicken was absolutely delicious
Meghana foods,"Indira nagar,Bengaluru",Love the food qualityits yummy Had ordered paneer biryani,4.0,love the food quality...it's yummy had ordered paneer biryani
Meghana foods,"Indira nagar,Bengaluru",Visited to try their chicken boneless biryani It was indeed delicious Quantity will be enough for two,5.0,visited to try their chicken boneless biryani. it was indeed delicious. quantity will be enough for two.
Meghana foods,"Indira nagar,Bengaluru",Meghana Foods has been my regular spot whenever I visit Bangalore Their chicken biryani is a musttryflavorful and consistently good One of the best parts is their service,5.0,meghana foods has been my regular spot whenever i visit bangalore. their chicken biryani is a must-tryâflavorful and consistently good. one of the best parts is their service;
Meghana foods,"Indira nagar,Bengaluru",Love Meghanas What is there not to love This is my go to comfort biryani place whether it is dine in or take away The price and value for money is decent,4.0,love meghanas. what is there not to love. this is my go to comfort biryani place whether it is dine in or take away. the price and value for money is decent.
Meghana foods,"Indira nagar,Bengaluru",I have visited here several times I had good experiences Amazing biriyani Though the place is small and will be crowded most of the peak times,4.0,i have visited here several times. i had good experiences. amazing biriyani though the place is small and will be crowded most of the peak times
Meghana foods,"Indira nagar,Bengaluru",Absolutely loved it the quantity might be a bit too much for one person and the biryani I ordered had about 1215 pieces of chicken and the rice was aromatic and really flavourful,5.0,"absolutely loved it, the quantity might be a bit too much for one person and the biryani i ordered had about 12-15 pieces of chicken and the rice was aromatic and really flavourful."
Meghana foods,"Indira nagar,Bengaluru",Absolutely loved it the quantity might be a bit too much for one person and the biryani I ordered had about 1215 pieces of chicken and the rice was aromatic and really flavourful,3.0,"absolutely loved it, the quantity might be a bit too much for one person and the biryani i ordered had about 12-15 pieces of chicken and the rice was aromatic and really flavourful."
Meghana foods,"Indira nagar,Bengaluru",Visited Meghana Foods after a long time and it was a delightful experience The biryani has its signature flavorful taste rich aromatic and satisfying as always,4.0,"visited meghana foods after a long time and it was a delightful experience. the biryani has its signature flavorful taste â rich, aromatic, and satisfying as always"
Meghana foods,"Indira nagar,Bengaluru",I ordered chicken biryani mutton biryani and mutton roast The food arrived in less than 5 minutes even during rush hour really impressive,5.0,"i ordered chicken biryani, mutton biryani, and mutton roast. the food arrived in less than 5 minutes even during rush hour â really impressive!"
Meghana foods,"Indira nagar,Bengaluru",Checked out Meghna Biryani and completely understood what the hype is about I tried the Special chicken biryani and prawns fry for starters,5.0,checked out meghna biryani and completely understood what the hype is about. i tried the special chicken biryani and prawns fry for starters.
Meghana foods,"Indira nagar,Bengaluru",Meghana Foods in Indiranagar is a goto place if youre a biryani lover Their Andhrastyle biryani especially the boneless chicken biryani is packed with flavor,4.0,"meghana foods in indiranagar is a go-to place if youâre a biryani lover. their andhra-style biryani, especially the boneless chicken biryani, is packed with flavor"
Meghana foods,"Indira nagar,Bengaluru",Meghana Foods Indiranagar is a wonderful family restaurant and a very nice place to visit for dinner with family,4.0,"meghana foods, indiranagar is a wonderful family restaurant and a very nice place to visit for dinner with family"
Meghana foods,"Indira nagar,Bengaluru",Disappointed with the Flavors Tried the biriyani and found it quite disappointing overly spicy but lacking real depth or taste,3.0,disappointed with the flavors tried the biriyani and found it quite disappointing â overly spicy but lacking real depth or taste.
Meghana foods,"Indira nagar,Bengaluru",Guntur chicken is the bestbiryanis are really tastytried pepper chicken also very well cookedservice is too good,4.0,"guntur chicken is the best.....biryanis are really tasty....tried pepper chicken also, very well cooked..service is too good."
Meghana foods,"Indira nagar,Bengaluru",I love the mutton biryani at Meghana Ive tried it many times and its always consistent The ambience is average and the wash area is messy and usually crowded,4.0,"i love the mutton biryani at meghana â i've tried it many times and it's always consistent. the ambience is average, and the wash area is messy and usually crowded"
Meghana foods,"Indira nagar,Bengaluru",Top 3 Biryani places in BLR for sure You cant go wrong with a boneless chicken biryani at Meghana,4.0,top 3 biryani places in blr for sure. you can't go wrong with a boneless chicken biryani at meghana.
Meghana foods,"Indira nagar,Bengaluru",Iam from Hyderabad but in this restaurant the boneless chicken biryani is same like hyderabad biryani i love it,5.0,iam from hyderabad but in this restaurant the boneless chicken biryani is same like hyderabad biryani i love it
Meghana foods,"Indira nagar,Bengaluru",Excellent consistent taste and quality as usual The service staffs were very helpful but the ambience could have been better since it was under renovation,4.0,excellent consistent taste and quality as usual. the service staffs were very helpful but the ambience could have been better since it was under renovation.
Meghana foods,"Indira nagar,Bengaluru",I am from Chennai and this is the first time I visit this place in Bangalore I really loved their food and service I ordered some of the dishes from Todays special menu and it was really awesome,5.0,i am from chennai and this is the first time i visit this place in bangalore. i really loved their food and service. i ordered some of the dishes from 'today's special' menu and it was really awesome.
Meghana foods,"Indira nagar,Bengaluru",I had an absolutely exceptional dining experience at Meghana Foods Indira Nagar,5.0,i had an absolutely exceptional dining experience at meghana foods indira nagar
Meghana foods,"Indira nagar,Bengaluru",love their meghana special chicken biryani very flavorful highly recommended,5.0,"love their meghana special chicken biryani. very flavorful, highly recommended."
Meghana foods,"Indira nagar,Bengaluru",Been to this place for lunch Ordered Meghana special Boneless Chicken Biryani,4.0,been to this place for lunch. ordered meghana special - boneless chicken biryani.
Meghana foods,"Indira nagar,Bengaluru",Very tasty biriyani Quantity is much Overall nice place for biryanis,4.0,very tasty biriyani. quantity is much. overall nice place for biryanis.
Meghana foods,"Indira nagar,Bengaluru",Meghna foods is located in the prime location Indiranagar Valet parking availablefood is tasty and hygienic Well behaved staff Waiting time is bit high,4.0,meghna foods is located in the prime location indiranagar. valet parking available.food is tasty and hygienic. well behaved staff. waiting time is bit high.
Meghana foods,"Indira nagar,Bengaluru",Food is pretty average The rice was good just like a fragrant basmati rice you will get at many places They just top it off with some chilli chicken kind of thing,3.0,"food is pretty average. the rice was good, just like a fragrant basmati rice you will get at many places. they just top it off with some chilli chicken kind of thing."
Meghana foods,"Indira nagar,Bengaluru",I tried their boneless chicken biryani and it stood out for its balance rather than overwhelming spice The chicken was tender and wellmarinated,5.0,"i tried their boneless chicken biryani, and it stood out for its balance rather than overwhelming spice. the chicken was tender and well-marinated"
Meghana foods,"Indira nagar,Bengaluru",Meghanas biryani is so tasty I ate after 45 years and felt its so good There is no comparison of Meghana biryani It was crowed and waiting time was 1015 mins,4.0,"meghana's biryani is so tasty, i ate after 4-5 years and felt it's so good. there is no comparison of meghana biryani. it was crowed and waiting time was 10-15 mins"
Meghana foods,"Indira nagar,Bengaluru",I visited Meghana foods Indira Nagar branch on Sunday night with friends Unfortunately the experience was disappointing overall,1.0,"i visited meghana foods (indira nagar branch) on sunday night with friends. unfortunately, the experience was disappointing overall."
Meghana foods,"Indira nagar,Bengaluru",We ordered mutton biryani prawns ghee roast aloo dum biryani and Manchurian overall it is good experience,4.0,"we ordered mutton biryani, prawns ghee roast, aloo dum biryani, and manchurian. overall it is good experience."
Meghana foods,"Indira nagar,Bengaluru",We took 2 briyani meghanas special briyani and chicken boneless chicken biryani Both are fine in taste Decent quality for 2 people,4.0,"we took 2 briyani, meghana's special briyani and chicken boneless chicken biryani. both are fine in taste. decent quality for 2 people"
Meghana foods,"Indira nagar,Bengaluru",Food tastes good but prices are a bit expensive They are famous for their Perfection Taste Uniqueness Satisfied with their service Ambience is good,4.0,"food tastes good but prices are a bit expensive. they are famous for their perfection, taste, uniqueness. satisfied with their service. ambience is good"
Meghana foods,"Indira nagar,Bengaluru",Tried the Meghna Special Chicken Biryani recently and it absolutely lives up to the hype,4.0,tried the meghna special chicken biryani recently â and it absolutely lives up to the hype.
Meghana foods,"Indira nagar,Bengaluru",it was a good experience overall The food especially the biryani was flavorful and lived up to its reputation While the prices felt a little on the higher side,4.0,"it was a good experience overall. the food, especially the biryani, was flavorful and lived up to its reputation. while the prices felt a little on the higher side"
Meghana foods,"Indira nagar,Bengaluru",Tried the Meghna Special Biryani at Meghana Biryani Indiranagar It was a bit spicy for my taste but really flavourful and enjoyable overall,4.0,"tried the meghna special biryani at meghana biryani, indiranagar. it was a bit spicy for my taste, but really flavourful and enjoyable overall."
Vidyarthi bhavan,"Gandhi bazaar,Bengaluru",Vidyarthi Bhavan in Bangalore is one of the most iconic and famous places for dosa and it truly lives up to its reputation in terms of popularity,4.0,"vidyarthi bhavan in bangalore is one of the most iconic and famous places for dosa, and it truly lives up to its reputation in terms of popularity."
Vidyarthi bhavan,"Gandhi bazaar,Bengaluru",Vidyarthi Bhavan has been one of the most iconic places in Bengaluru for its masala dosas and the way waiters serve them,5.0,vidyarthi bhavan has been one of the most iconic places in bengaluru for its masala dosas and the way waiters serve them
Vidyarthi bhavan,"Gandhi bazaar,Bengaluru",I recently visited Vidyarthi Bhavan and it was a classic Bangalore food experience This place is famous for its iconic dosas and the taste truly lives up to the hype,4.0,"i recently visited vidyarthi bhavan and it was a classic bangalore food experience. this place is famous for its iconic dosas, and the taste truly lives up to the hype."
Vidyarthi bhavan,"Gandhi bazaar,Bengaluru",Visited Vidyarthi Bhavan and it definitely lived up to its reputation The iconic crispy buttery masala dosa was absolutely delicious,5.0,"visited vidyarthi bhavan and it definitely lived up to its reputation. the iconic crispy, buttery masala dosa was absolutely delicious"
Vidyarthi bhavan,"Gandhi bazaar,Bengaluru",I recently visited Vidyarthi Bhavan and had a classic Bangalore breakfast experience The restaurant is located near the flower market,4.0,i recently visited vidyarthi bhavan and had a classic bangalore breakfast experience. the restaurant is located near the flower market
Vidyarthi bhavan,"Gandhi bazaar,Bengaluru",The BEST Dosa in Bangaluru,5.0,the best dosa in bangaluru !!
Vidyarthi bhavan,"Gandhi bazaar,Bengaluru",Visited Vidyarthi Bhavan twice and both times the experience was memorable This place is on a very busy Bangalore street,5.0,visited vidyarthi bhavan twice and both times the experience was memorable. this place is on a very busy bangalore street
Vidyarthi bhavan,"Gandhi bazaar,Bengaluru",Visited Vidyarthi Bhavan recently and had a really nice experience Its one of the oldest South Indian restaurants in Bangalore,5.0,visited vidyarthi bhavan recently and had a really nice experience. itâs one of the oldest south indian restaurants in bangalore
Vidyarthi bhavan,"Gandhi bazaar,Bengaluru",Best dosa in Bangalore so much has changed over the years but the quality of dosa is the same Crispy outside and soft inside,5.0,"best dosa in bangalore, so much has changed over the years but the quality of dosa is the same. crispy outside and soft inside."
Vidyarthi bhavan,"Gandhi bazaar,Bengaluru",Honestly speaking I really didnt like the masala sagu dosa Except the crispiness nothing was good about the dosa The sagu was not at all good,2.0,"honestly speaking, i really didn't like the masala sagu dosa. except the crispiness nothing was good about the dosa. the sagu was not at all good"
Vidyarthi bhavan,"Gandhi bazaar,Bengaluru",I traveled all the way from Ahmedabad just to try the famous masala dosa and it was absolutely worth it,5.0,"i traveled all the way from ahmedabad just to try the famous masala dosa, and it was absolutely worth it."
Vidyarthi bhavan,"Gandhi bazaar,Bengaluru",The place carries a nostalgic oldBangalore charm paired with quick service and a lively bustling atmosphere The food truly stands out,4.0,"the place carries a nostalgic old-bangalore charm, paired with quick service and a lively, bustling atmosphere. the food truly stands out"
Vidyarthi bhavan,"Gandhi bazaar,Bengaluru",Visiting Vidyarthi Bhavan in Bangalore was truly a memorable experience The highlight of the meal was definitely the famous masala dosa thick crispy and generously coated with ghee,4.0,"visiting vidyarthi bhavan in bangalore was truly a memorable experience. the highlight of the meal was definitely the famous masala dosa thick, crispy, and generously coated with ghee"
Vidyarthi bhavan,"Gandhi bazaar,Bengaluru",One OG restaurant of South Bangalore Wait for hour and get inside for filter coffee and Dosa Everytime we visit the same warmth from people here,4.0,one og restaurant of south bangalore. wait for hour and get inside for filter coffee and dosa. everytime we visit the same warmth from people here
Vidyarthi bhavan,"Gandhi bazaar,Bengaluru",The place gives authentic and historic vibe Dosa is very crispy here The way of serving dosa is amazing The place could be more hygienic,4.0,the place gives authentic and historic vibe . dosa is very crispy here. the way of serving dosa is amazing. the place could be more hygienic.
Vidyarthi bhavan,"Gandhi bazaar,Bengaluru",Finally understood what all the hype is about We tried their Benne Masala Dosa Puri Sagu and of course their filter coffee,5.0,"finally understood what all the hype is about. we tried their benne masala dosa, puri sagu and of course their filter coffee"
Vidyarthi bhavan,"Gandhi bazaar,Bengaluru",We visited this place after hearing all the hype but it didnt live up to the expectations In my opinion its highly overrated and overhyped,1.0,"we visited this place after hearing all the hype, but it didnât live up to the expectations. in my opinion, itâs highly overrated and overhyped"
Vidyarthi bhavan,"Gandhi bazaar,Bengaluru",Over crowded and One of the OG tiffin centre of South Bangalore giving off old retro vibes of Bangalore Nostalgic and super history hotel,5.0,over crowded and one of the og tiffin centre of south bangalore giving off old retro vibes of bangalore. nostalgic and super history hotel.
Vidyarthi bhavan,"Gandhi bazaar,Bengaluru",Vidyarthi bhavan has still maintained its old charm but has exceeded my expectations on way they have solved queue problem,5.0,vidyarthi bhavan has still maintained its old charm but has exceeded my expectations on way they have solved queue problem
Vidyarthi bhavan,"Gandhi bazaar,Bengaluru",Visited this place after seeing so many reviews The food was decent overall We tried the benne dose it was crispy but honestly nothing very special,4.0,"visited this place after seeing so many reviews. the food was decent overall. we tried the benne dose it was crispy, but honestly nothing very special"
Vidyarthi bhavan,"Gandhi bazaar,Bengaluru",Vidyarthi Bhavan serves one of the best masala dosas in Bangalore The dosa is thick crispy and buttery with authentic taste and great filter coffee,5.0,"vidyarthi bhavan serves one of the best masala dosas in bangalore. the dosa is thick, crispy, and buttery, with authentic taste and great filter coffee"
Vidyarthi bhavan,"Gandhi bazaar,Bengaluru",Nostalgic and super history hotel THE ONE name for a tasty and legacy taste for Dose and other breakfast items,4.0,nostalgic and super history hotel. the one name for a tasty and legacy taste for dose and other breakfast items.
Vidyarthi bhavan,"Gandhi bazaar,Bengaluru",Be prepared to wait 1hr minimum Food was ok good service well behaved staff Vintage feel,3.0,"be prepared to wait 1hr minimum... food was ok.. good service, well behaved staff.. vintage feel..."
Vidyarthi bhavan,"Gandhi bazaar,Bengaluru",I visited Vidyarthi Bhavan and honestly the place felt highly overrated The ambience was just okay but the service was poor,1.0,"i visited vidyarthi bhavan, and honestly, the place felt highly overrated. the ambience was just okay, but the service was poor."
Vidyarthi bhavan,"Gandhi bazaar,Bengaluru",One of the best Dose place in town For us this is GOAT Benne Masala Dose which still preserves the age old taste Nostalgic ambiance always crowded,5.0,"one of the best dose place in town. for us this is goat benne masala dose which still preserves the age old taste. nostalgic ambiance, always crowded"
Vidyarthi bhavan,"Gandhi bazaar,Bengaluru",One of the legendary eateries in Bangalore and rightfully so which means theres gotta be a bit of a crowd and a waiting time,5.0,"one of the legendary eateries in bangalore and rightfully so, which means there's gotta be a bit of a crowd and a waiting time."
Vidyarthi bhavan,"Gandhi bazaar,Bengaluru",Honestly it seemed more hype than extraordinary taste There was nothing special enough to make it worth traveling for hours just to eat here,4.0,"honestly, it seemed more hype than extraordinary taste. there was nothing special enough to make it worth traveling for hours just to eat here"
Vidyarthi bhavan,"Gandhi bazaar,Bengaluru",We went on weekday still we had approx 3040 mins waiting But it was worth it Their token system is really good They have limited Menu We tried Iconic Masala Dosa and it was really good,4.0,"we went on weekday still we had approx 30-40 mins waiting, but it was worth it. their token system is really good. they have limited menu. we tried iconic masala dosa and it was really good"
Vidyarthi bhavan,"Gandhi bazaar,Bengaluru",The food is good I tried tea masala dosa sagu masala dosa and vadaall were decent However I couldnt find anything particularly special about the taste,3.0,"the food is good. i tried tea, masala dosa, sagu masala dosa, and vadaâall were decent. however, i couldnât find anything particularly special about the taste."
Vidyarthi bhavan,"Gandhi bazaar,Bengaluru",The place is massively overhyped and clearly surviving on its past reputation The dosas were the worstbland crispy poorly made inconsistent in texture and absolutely not worth,1.0,"the place is massively overhyped and clearly surviving on its past reputation. the dosas were the worstâbland, crispy, poorly made, inconsistent in texture, and absolutely not worth"
Vidyarthi bhavan,"Gandhi bazaar,Bengaluru",Nothing extraordinary in the food Not sure what the hype is about Masala dosa is crispier but at the ends felt like not cooked properly Rava vada is disaster,3.0,nothing extraordinary in the food. not sure what the hype is about. masala dosa is crispier but at the ends felt like not cooked properly. rava vada is disaster
Vidyarthi bhavan,"Gandhi bazaar,Bengaluru",I had heard a lot about this place but when I finally tried it the dosa felt quite ordinarynothing really special The chutney wasnt great either,2.0,"i had heard a lot about this place, but when i finally tried it, the dosa felt quite ordinaryânothing really special. the chutney wasnât great either"
Vidyarthi bhavan,"Gandhi bazaar,Bengaluru",Average experience with some standout charm at this legacy spot Id call it an average experienceyou can get similar at many reasonable places in Bengaluru,3.0,average experience with some standout charm at this legacy spot. iâd call it an average experienceâyou can get similar at many reasonable places in bengaluru
Vidyarthi bhavan,"Gandhi bazaar,Bengaluru",Its very old restaurant famous for dosa They have very limited menu to choose from It will be closed from 1200 pm to 2 00 pm But definitely worth a visit,4.0,it's very old restaurant famous for dosa. they have very limited menu to choose from. it will be closed from 12:00 pm to 2 :00 pm. but definitely worth a visit.
Vidyarthi bhavan,"Gandhi bazaar,Bengaluru",This is much hyped place They do serve crispy masala dosa but with aberage taste Khara bath was better than masala dosa,3.0,this is much hyped place. they do serve crispy masala dosa but with aberage taste. khara bath was better than masala dosa.â
Vidyarthi bhavan,"Gandhi bazaar,Bengaluru",I tried their dosa sambar vada and filter coffee and all three were absolutely satisfyingThe filter coffee was strong rich and the perfect way to finish the meal,5.0,"i tried their dosa, sambar vada, and filter coffee and all three were absolutely satisfying.the filter coffee was strong, rich, and the perfect way to finish the meal."
Vidyarthi bhavan,"Gandhi bazaar,Bengaluru",In simple words this iconic eatery serves the best tastiest and sets a benchmark for other eateries on Plain Masala Dosa,5.0,"in simple words this iconic eatery serves the best ,tastiest and sets a benchmark for other eateries on plain & masala dosa"
Vidyarthi bhavan,"Gandhi bazaar,Bengaluru",I had their super masala dosa it was delicious crispy and lived up to its reputation This place is a classic oldstyle restaurant with a simple yet charming atmosphere,5.0,"i had their super masala dosa it was delicious, crispy and lived up to its reputation. this place is a classic old-style restaurant with a simple yet charming atmosphere"
Vidyarthi bhavan,"Gandhi bazaar,Bengaluru",The best place for filter coffee in Bangalore Dosa is a debated topic not a great fan honestly Beautifully maintained to retain the old bangalore feels,4.0,"the best place for filter coffee in bangalore. dosa is a debated topic, not a great fan, honestly! beautifully maintained to retain the old bangalore feels"
Vidyarthi bhavan,"Gandhi bazaar,Bengaluru",I had a wonderful experience at Vidyarthi Bhavan The place is clean hygienic and wellmaintained The staff were very polite and served us so well,5.0,"i had a wonderful experience at vidyarthi bhavan! the place is clean, hygienic, and well-maintained. the staff were very polite and served us so well"
Vidyarthi bhavan,"Gandhi bazaar,Bengaluru",Tired the famous masala dose and the taste is below average While this is the crispiest dosa I ever had masala stuffed inside is not tasty and chutney is bland literally no taste,2.0,"tired the famous masala dose and the taste is below average. while this is the crispiest dosa i ever had, masala stuffed inside is not tasty and chutney is bland, literally no taste"
Vidyarthi bhavan,"Gandhi bazaar,Bengaluru",Visited Vidyarthi Bhavan recently and had an excellent experience The dosa was absolutely outstandingcrispy flavorful and one of the best I have had in Bengaluru,4.0,"visited vidyarthi bhavan recently and had an excellent experience. the dosa was absolutely outstandingâcrispy, flavorful, and one of the best i have had in bengaluru."
Vidyarthi bhavan,"Gandhi bazaar,Bengaluru",Idli vada and kharibath were amazing The dosa was not that great compared to the rest The place was extremely crowded,4.0,"idli, vada, and kharibath were amazing. the dosa was not that great compared to the rest. the place was extremely crowded"
Vidyarthi bhavan,"Gandhi bazaar,Bengaluru",We waited for 1 hour and we were 3 people but still they were adjusting 1 more person on our table Disgusting service,1.0,"we waited for 1 hour, and we were 3 people, but still they were adjusting 1 more person on our table disgusting service"
Vidyarthi bhavan,"Gandhi bazaar,Bengaluru",Vidyarthi Bhavan is pure nostalgia on a platecrispy buttery dosas rich chutney and an oldworld charm that never fades,4.0,"vidyarthi bhavan is pure nostalgia on a plateâcrispy, buttery dosas, rich chutney, and an old-world charm that never fades"
Vidyarthi bhavan,"Gandhi bazaar,Bengaluru",There is a reason why this place is legendary has got that vintage charm Made prior reservation so not much wait time Prompt and cordial service,4.0,"there is a reason why this place is legendary, has got that vintage charm. made prior reservation so not much wait time. prompt and cordial service."
Vidyarthi bhavan,"Gandhi bazaar,Bengaluru",I would not recommend to travel from far place only to have this dosaits normal dosa I feltnot as hype shown in insta etc,3.0,i would not recommend to travel from far place only to have this dosa....it's normal dosa i felt....not as hype shown in insta etc
Vidyarthi bhavan,"Gandhi bazaar,Bengaluru",This place clearly has that old Bengaluru vibes I always love their Dose and idli coffee rates great,4.0,"this place clearly has that old bengaluru vibes . i always love their dose and idli , coffee rates great ."
Vidyarthi bhavan,"Gandhi bazaar,Bengaluru",Excellent breakfast This is the 3rd or 4th visit to this restaurant Got lost a little locating this place since there is some face lift done to the restaurant and surroundings,4.0,excellent breakfast. this is the 3rd or 4th visit to this restaurant. got lost a little locating this place since there is some face lift done to the restaurant and surroundings.
Vidyarthi bhavan,"Gandhi bazaar,Bengaluru",Its a historic place and serves one of the best khara bhat and Masala Dosa,5.0,its a historic place and serves one of the best khara bhat and masala dosa.
Vidyarthi bhavan,"Gandhi bazaar,Bengaluru",One of the best dose in bangalore Quite crowded Service takes lot of time Verdict on the dosa its in top 5 of my fav,5.0,"one of the best dose in bangalore. quite crowded. service takes lot of time. verdict on the dosa , itâs in top 5 of my fav"
Vidyarthi bhavan,"Gandhi bazaar,Bengaluru",So I tried food at the hyped up Vidyarthi Bhavan and was left with a mixed review The masala dosa was definitely overhyped and didnt taste that good,3.0,"so i tried food at the hyped up vidyarthi bhavan, and was left with a mixed review. the masala dosa was definitely overhyped and didn't taste that good"
Vidyarthi bhavan,"Gandhi bazaar,Bengaluru",Overhyped place Its not worth spending 4045 minutes waiting for average food,1.0,overhyped place. itâs not worth spending 40â45 minutes waiting for average food.
Vidyarthi bhavan,"Gandhi bazaar,Bengaluru",It is always worth the wait Our go to order masale dose vade and coffee Never till date have been disappointed,5.0,"it is always worth the wait. our go to order - masale dose, vade and coffee. never till date have been disappointed."
Vidyarthi bhavan,"Gandhi bazaar,Bengaluru",Old karnataka style served with respect and tradition Dosa is good but chutney has very liquid consistencyfilter coffee and sweet are good,5.0,old karnataka style.. served with respect and tradition. dosa is good but chutney has very liquid consistency.filter coffee and sweet are good
Vidyarthi bhavan,"Gandhi bazaar,Bengaluru",This old market shop is worth the wait Waiting time is usually 1015 mins The South Indian dishes are delicious highquality and hygienic Plus the prices are reasonable,5.0,"this old market shop is worth the wait! waiting time is usually 10-15 mins. the south indian dishes are delicious, high-quality and hygienic. plus, the prices are reasonable."
Vidyarthi bhavan,"Gandhi bazaar,Bengaluru",The idlisambar was quite decent But the masala dosa palya and chutney felt blandhonestly a bit overhyped,2.0,"the idli-sambar was quite decent ð but the masala dosa, palya, and chutney felt blandâhonestly a bit overhyped."
Vidyarthi bhavan,"Gandhi bazaar,Bengaluru",Visiting Vidyarthi Bhavan was a wonderful experience The dosa and vada were extremely delicious and the service was prompt and courteous,5.0,"visiting vidyarthi bhavan was a wonderful experience. the dosa and vada were extremely delicious, and the service was prompt and courteous"
Vidyarthi bhavan,"Gandhi bazaar,Bengaluru",Loved their Dosa and coffee We had to wait for 1520 minutes as they have token system but it worth waiting to have the lovely Dosa,5.0,"loved their dosa and coffee. we had to wait for 15-20 minutes as they have token system, but it worth waiting to have the lovely dosa.â"
Vidyarthi bhavan,"Gandhi bazaar,Bengaluru",Ordered puri sagu masala dosa khara bath and kesri bath everything was absolutely yum,5.0,"ordered puri sagu, masala dosa, khara bath, and kesri bath â everything was absolutely yum!"
Vidyarthi bhavan,"Gandhi bazaar,Bengaluru",Amazing Ambience and authentic south Indian food Khara bath is the most liked one for me,5.0,amazing ambience and authentic south indian food... khara bath is the most liked one for me...
