Business_Name,Location,Review text,Rating,Tokens
Paragon,"Shanthala nagar,Bengaluru",good ambience friendly staff and great food,5.0,"['good', 'ambience', 'friendly', 'staff', 'great', 'food']"
Paragon,"Shanthala nagar,Bengaluru",the food was very vibe and u must try coconut pudding is ultimate liked biriyani,5.0,"['food', 'vibe', 'u', 'must', 'try', 'coconut', 'pudding', 'ultimate', 'liked', 'biriyani']"
Paragon,"Shanthala nagar,Bengaluru",taste and service is best worth the wait,5.0,"['taste', 'service', 'best', 'worth', 'wait']"
Paragon,"Shanthala nagar,Bengaluru",go there for amazing seafood curriessuper yummy malabar biryanis and refreshing coolersdrinks,4.0,"['go', 'amazing', 'seafood', 'curriessuper', 'yummy', 'malabar', 'biryani', 'refreshing', 'coolersdrinks']"
Paragon,"Shanthala nagar,Bengaluru",incredible consistent food the fish veg mango curry appams fish tawa fry biryani incredible very well balanced flavours,5.0,"['incredible', 'consistent', 'food', 'fish', 'veg', 'mango', 'curry', 'appams', 'fish', 'tawa', 'fry', 'biryani', 'incredible', 'well', 'balanced', 'flavour']"
Paragon,"Shanthala nagar,Bengaluru",i love this restaurant every time i visit but this time i wanted to give review about their plum cake it tastes heavenly and i feel everyone has to give it a try,5.0,"['love', 'restaurant', 'every', 'time', 'visit', 'time', 'wanted', 'give', 'review', 'plum', 'cake', 'taste', 'heavenly', 'feel', 'everyone', 'give', 'try']"
Paragon,"Shanthala nagar,Bengaluru",poor food qualitydelayed deliverystale biryanipoor food qualityand the resturants lack of responsibility,1.0,"['poor', 'food', 'qualitydelayed', 'deliverystale', 'biryanipoor', 'food', 'qualityand', 'resturants', 'lack', 'responsibility']"
Paragon,"Shanthala nagar,Bengaluru",this place was recommended by a friend but the experience was disappointing we were seated quickly but they only gave one menu for a table of four and when we asked for another they provided the previous days menu,2.0,"['place', 'recommended', 'friend', 'experience', 'disappointing', 'seated', 'quickly', 'gave', 'one', 'menu', 'table', 'four', 'asked', 'another', 'provided', 'previous', 'day', 'menu']"
Paragon,"Shanthala nagar,Bengaluru",most yummiest food very expensive though,5.0,"['yummiest', 'food', 'expensive', 'though']"
Paragon,"Shanthala nagar,Bengaluru",i cant explain the taste very tasty and very clean tables hygienicly service food good quality,5.0,"['cant', 'explain', 'taste', 'tasty', 'clean', 'table', 'hygienicly', 'service', 'food', 'good', 'quality']"
Paragon,"Shanthala nagar,Bengaluru",food was good and service was impeccable wait time to get seated was long and service can be slow sometimes tried the iconic chicken biryani and fish starter it was excellent and will recommend,5.0,"['food', 'good', 'service', 'impeccable', 'wait', 'time', 'get', 'seated', 'long', 'service', 'slow', 'sometimes', 'tried', 'iconic', 'chicken', 'biryani', 'fish', 'starter', 'excellent', 'recommend']"
Paragon,"Shanthala nagar,Bengaluru",food was horrible dont understand the hype,1.0,"['food', 'horrible', 'dont', 'understand', 'hype']"
Paragon,"Shanthala nagar,Bengaluru",most yummiest food very expensive though,1.0,"['yummiest', 'food', 'expensive', 'though']"
Paragon,"Shanthala nagar,Bengaluru",best place in bengaluru to have kerala food,5.0,"['best', 'place', 'bengaluru', 'kerala', 'food']"
Paragon,"Shanthala nagar,Bengaluru",must try is mango fish curry and authentic biryani service is fast and quality of food is top notch,4.0,"['must', 'try', 'mango', 'fish', 'curry', 'authentic', 'biryani', 'service', 'fast', 'quality', 'food', 'top', 'notch']"
Paragon,"Shanthala nagar,Bengaluru",too good best place for kerala cuisine,5.0,"['good', 'best', 'place', 'kerala', 'cuisine']"
Paragon,"Shanthala nagar,Bengaluru",the overall experience was great and is place that would call you back again great work paragon team,5.0,"['overall', 'experience', 'great', 'place', 'would', 'call', 'back', 'great', 'work', 'paragon', 'team']"
Paragon,"Shanthala nagar,Bengaluru",the food is really very good and the prices are justified the portions are also healthy,5.0,"['food', 'really', 'good', 'price', 'justified', 'portion', 'also', 'healthy']"
Paragon,"Shanthala nagar,Bengaluru",we went especially to try the chicken biryani it was good and portions very nice,5.0,"['went', 'especially', 'try', 'chicken', 'biryani', 'good', 'portion', 'nice']"
Paragon,"Shanthala nagar,Bengaluru",visited more than 50 times most of the time keep waiting like stray dogs on the door due to this stopped the visits over there no proper reservation system there,1.0,"['visited', '50', 'time', 'time', 'keep', 'waiting', 'like', 'stray', 'dog', 'door', 'due', 'stopped', 'visit', 'proper', 'reservation', 'system']"
Paragon,"Shanthala nagar,Bengaluru",it is a must visit place for kerala malabar food lovers the food is a bit expensive but quite delicious what impressed me the most was their service impeccable,5.0,"['must', 'visit', 'place', 'kerala', 'malabar', 'food', 'lover', 'food', 'bit', 'expensive', 'quite', 'delicious', 'impressed', 'service', 'impeccable']"
Paragon,"Shanthala nagar,Bengaluru",i highly appreciate and recommend this restaurant for its excellent food options tasty food,5.0,"['highly', 'appreciate', 'recommend', 'restaurant', 'excellent', 'food', 'option', 'tasty', 'food']"
Paragon,"Shanthala nagar,Bengaluru",food is amazing so much better than any other kerela restaurant in bangalore keep up the taste,5.0,"['food', 'amazing', 'much', 'better', 'kerela', 'restaurant', 'bangalore', 'keep', 'taste']"
Paragon,"Shanthala nagar,Bengaluru",it is a must visit place for kerala malabar food lovers the food is a bit expensive but quite delicious what impressed me the most was their service,4.0,"['must', 'visit', 'place', 'kerala', 'malabar', 'food', 'lover', 'food', 'bit', 'expensive', 'quite', 'delicious', 'impressed', 'service']"
Paragon,"Shanthala nagar,Bengaluru",dining,5.0,['dining']
Paragon,"Shanthala nagar,Bengaluru",delicious food,5.0,"['delicious', 'food']"
Paragon,"Shanthala nagar,Bengaluru",went there for breakfast on a weekend the service is prompt and food is delicious the appams and stew took us back to kerala,5.0,"['went', 'breakfast', 'weekend', 'service', 'prompt', 'food', 'delicious', 'appams', 'stew', 'took', 'u', 'back', 'kerala']"
Paragon,"Shanthala nagar,Bengaluru",their menu is the exact same and theyve managed to keep their standard on quality the same as well,5.0,"['menu', 'exact', 'theyve', 'managed', 'keep', 'standard', 'quality', 'well']"
Paragon,"Shanthala nagar,Bengaluru",i would say food and service for us was average,2.0,"['would', 'say', 'food', 'service', 'u', 'average']"
Paragon,"Shanthala nagar,Bengaluru",great food same taste as calicut,5.0,"['great', 'food', 'taste', 'calicut']"
Paragon,"Shanthala nagar,Bengaluru",very good food good ambience like a home food very testy,5.0,"['good', 'food', 'good', 'ambience', 'like', 'home', 'food', 'testy']"
Paragon,"Shanthala nagar,Bengaluru",it was one of the best things to happen when kozhikodes most famous restaurant opened up shop in central bangalore,5.0,"['one', 'best', 'thing', 'happen', 'kozhikodes', 'famous', 'restaurant', 'opened', 'shop', 'central', 'bangalore']"
Paragon,"Shanthala nagar,Bengaluru",we ordered a wide spread of dishes and everything turned out to be good,5.0,"['ordered', 'wide', 'spread', 'dish', 'everything', 'turned', 'good']"
Paragon,"Shanthala nagar,Bengaluru",the food was insanely good after a long time had such great and authentic food going to come again many more time,4.0,"['food', 'insanely', 'good', 'long', 'time', 'great', 'authentic', 'food', 'going', 'come', 'many', 'time']"
Paragon,"Shanthala nagar,Bengaluru",really nice food from this legendary chain had mango curry and biryani it was hands down beating any other kerala biryani i had eaten,5.0,"['really', 'nice', 'food', 'legendary', 'chain', 'mango', 'curry', 'biryani', 'hand', 'beating', 'kerala', 'biryani', 'eaten']"
Paragon,"Shanthala nagar,Bengaluru",visited this restaurant for breakfast tried open butter dosa which came with coconut chutney and sambar,4.0,"['visited', 'restaurant', 'breakfast', 'tried', 'open', 'butter', 'dosa', 'came', 'coconut', 'chutney', 'sambar']"
Paragon,"Shanthala nagar,Bengaluru",as a mallu enjoyed the food here,5.0,"['mallu', 'enjoyed', 'food']"
Paragon,"Shanthala nagar,Bengaluru",we went for a family lunch here and the food was too good and yummy,5.0,"['went', 'family', 'lunch', 'food', 'good', 'yummy']"
Paragon,"Shanthala nagar,Bengaluru",excellent,5.0,['excellent']
Paragon,"Shanthala nagar,Bengaluru",was a great experience reliving the paragon food and taste which we have devoured before in kerala,5.0,"['great', 'experience', 'reliving', 'paragon', 'food', 'taste', 'devoured', 'kerala']"
Paragon,"Shanthala nagar,Bengaluru",absabsolutely fabulous food we came in a large group and everyone thoroughly enjoyed the food,5.0,"['absabsolutely', 'fabulous', 'food', 'came', 'large', 'group', 'everyone', 'thoroughly', 'enjoyed', 'food']"
Paragon,"Shanthala nagar,Bengaluru",the food was insanely good after a long time had such great and authentic food going to come again many more time,5.0,"['food', 'insanely', 'good', 'long', 'time', 'great', 'authentic', 'food', 'going', 'come', 'many', 'time']"
Paragon,"Shanthala nagar,Bengaluru",all the dishes were amazing,5.0,"['dish', 'amazing']"
Paragon,"Shanthala nagar,Bengaluru",horrible,1.0,['horrible']
Paragon,"Shanthala nagar,Bengaluru",hellocan u add more snacks options in online food deliveryits a request,5.0,"['hellocan', 'u', 'add', 'snack', 'option', 'online', 'food', 'deliveryits', 'request']"
Paragon,"Shanthala nagar,Bengaluru",service is very late food is average,2.0,"['service', 'late', 'food', 'average']"
Paragon,"Shanthala nagar,Bengaluru",over rated dining spot,3.0,"['rated', 'dining', 'spot']"
Paragon,"Shanthala nagar,Bengaluru",food quantity was too low got a hair in food gave a review to staff they were not biered to even take feedbackpathetic experience,1.0,"['food', 'quantity', 'low', 'got', 'hair', 'food', 'gave', 'review', 'staff', 'biered', 'even', 'take', 'feedbackpathetic', 'experience']"
Paragon,"Shanthala nagar,Bengaluru",well served and food was delicious and tasty and i liked it very much,5.0,"['well', 'served', 'food', 'delicious', 'tasty', 'liked', 'much']"
Paragon,"Shanthala nagar,Bengaluru",appam and chicken stew,5.0,"['appam', 'chicken', 'stew']"
Paragon,"Shanthala nagar,Bengaluru",the chicken was stale in the chicken biriyani and atleast 5 days old the staff just didnt care,1.0,"['chicken', 'stale', 'chicken', 'biriyani', 'atleast', '5', 'day', 'old', 'staff', 'didnt', 'care']"
Paragon,"Shanthala nagar,Bengaluru",food was good and service was impeccable wait time to get seated was long and service can be slow sometimes tried the iconic chicken biryani and fish starter it was excellent and will recommend,4.0,"['food', 'good', 'service', 'impeccable', 'wait', 'time', 'get', 'seated', 'long', 'service', 'slow', 'sometimes', 'tried', 'iconic', 'chicken', 'biryani', 'fish', 'starter', 'excellent', 'recommend']"
Paragon,"Shanthala nagar,Bengaluru",delicious food liked it very much,5.0,"['delicious', 'food', 'liked', 'much']"
Paragon,"Shanthala nagar,Bengaluru",an unforgettable birthday dinner at paragon restaurant,5.0,"['unforgettable', 'birthday', 'dinner', 'paragon', 'restaurant']"
Paragon,"Shanthala nagar,Bengaluru",good food and ambience for family lunches liked the biryani and elneer pudding,5.0,"['good', 'food', 'ambience', 'family', 'lunch', 'liked', 'biryani', 'elneer', 'pudding']"
Paragon,"Shanthala nagar,Bengaluru",the quality of food has become so bad that its become one of the worst tasting food ive had in the recent past,4.0,"['quality', 'food', 'become', 'bad', 'become', 'one', 'worst', 'tasting', 'food', 'ive', 'recent', 'past']"
Paragon,"Shanthala nagar,Bengaluru",food taste is good its can recommend have to visit if u r in bangalore,5.0,"['food', 'taste', 'good', 'recommend', 'visit', 'u', 'r', 'bangalore']"
Koko,"Jeevan beema nagar,Bengaluru",great food and good service,5.0,"['great', 'food', 'good', 'service']"
Koko,"Jeevan beema nagar,Bengaluru",chiranjit has been extremely professional in catering to all our needs the food is extremely good and top notch highly recommended,5.0,"['chiranjit', 'extremely', 'professional', 'catering', 'need', 'food', 'extremely', 'good', 'top', 'notch', 'highly', 'recommended']"
Koko,"Jeevan beema nagar,Bengaluru",ronu was amazing serving us food and ambience is amazing they also have valley,5.0,"['ronu', 'amazing', 'serving', 'u', 'food', 'ambience', 'amazing', 'also', 'valley']"
Koko,"Jeevan beema nagar,Bengaluru",raunu was of great service he took care of us throughout very humble and kind person,5.0,"['raunu', 'great', 'service', 'took', 'care', 'u', 'throughout', 'humble', 'kind', 'person']"
Koko,"Jeevan beema nagar,Bengaluru",chiranjit was very polite helpful and friendly food was great overall had a great experience,5.0,"['chiranjit', 'polite', 'helpful', 'friendly', 'food', 'great', 'overall', 'great', 'experience']"
Koko,"Jeevan beema nagar,Bengaluru",food was not good its overly hyped,1.0,"['food', 'good', 'overly', 'hyped']"
Koko,"Jeevan beema nagar,Bengaluru",amazing ambience and food excellent service by mr chiranjit,5.0,"['amazing', 'ambience', 'food', 'excellent', 'service', 'mr', 'chiranjit']"
Koko,"Jeevan beema nagar,Bengaluru",very good food with vegan and gluten free options,5.0,"['good', 'food', 'vegan', 'gluten', 'free', 'option']"
Koko,"Jeevan beema nagar,Bengaluru",the service was perfect but food was okayish,3.0,"['service', 'perfect', 'food', 'okayish']"
Koko,"Jeevan beema nagar,Bengaluru",dessertsssss,5.0,['dessertsssss']
Koko,"Jeevan beema nagar,Bengaluru",paramesh did a great job loved the food,5.0,"['paramesh', 'great', 'job', 'loved', 'food']"
Koko,"Jeevan beema nagar,Bengaluru",had a great anniversary dinner at koko food was wonderful and so was the service highly recommended,5.0,"['great', 'anniversary', 'dinner', 'koko', 'food', 'wonderful', 'service', 'highly', 'recommended']"
Koko,"Jeevan beema nagar,Bengaluru",food was suprisingly average they do not have a baby care room which was again suprising for a fairly upscale place,4.0,"['food', 'suprisingly', 'average', 'baby', 'care', 'room', 'suprising', 'fairly', 'upscale', 'place']"
Koko,"Jeevan beema nagar,Bengaluru",the service was very average for a premium restuarant like koko and the quantity was good for one kid,3.0,"['service', 'average', 'premium', 'restuarant', 'like', 'koko', 'quantity', 'good', 'one', 'kid']"
Koko,"Jeevan beema nagar,Bengaluru",food was not worth the price they are not keeping up with other fine dine asian restaurants,4.0,"['food', 'worth', 'price', 'keeping', 'fine', 'dine', 'asian', 'restaurant']"
Koko,"Jeevan beema nagar,Bengaluru",dishes we ordered and loved thai lotus root gyoza pan fried momos,5.0,"['dish', 'ordered', 'loved', 'thai', 'lotus', 'root', 'gyoza', 'pan', 'fried', 'momos']"
Koko,"Jeevan beema nagar,Bengaluru",food was not upto the mark i have no clue how is this rated 49 dishes were average,2.0,"['food', 'upto', 'mark', 'clue', 'rated', '49', 'dish', 'average']"
Koko,"Jeevan beema nagar,Bengaluru",had a great experience nawa was very helpful in choosing the best drinks and food on the menu,5.0,"['great', 'experience', 'nawa', 'helpful', 'choosing', 'best', 'drink', 'food', 'menu']"
Koko,"Jeevan beema nagar,Bengaluru",outstanding food and cocktails nothing comes close to the golden maki roll that truffle flavor is just out of this world,5.0,"['outstanding', 'food', 'cocktail', 'nothing', 'come', 'close', 'golden', 'maki', 'roll', 'truffle', 'flavor', 'world']"
Koko,"Jeevan beema nagar,Bengaluru",food was amazing cocktails were totally worth it definitely recommended,5.0,"['food', 'amazing', 'cocktail', 'totally', 'worth', 'definitely', 'recommended']"
Koko,"Jeevan beema nagar,Bengaluru",food was good liked the ambience,5.0,"['food', 'good', 'liked', 'ambience']"
Koko,"Jeevan beema nagar,Bengaluru",good place and nice food,4.0,"['good', 'place', 'nice', 'food']"
Koko,"Jeevan beema nagar,Bengaluru",the food was really amazing mrparmesh was really good his service,5.0,"['food', 'really', 'amazing', 'mrparmesh', 'really', 'good', 'service']"
Koko,"Jeevan beema nagar,Bengaluru",food was really good and the service was very quick,5.0,"['food', 'really', 'good', 'service', 'quick']"
Koko,"Jeevan beema nagar,Bengaluru",excellent service and great food specially drinks with aesthetic ambience loved it and everything was prfect,5.0,"['excellent', 'service', 'great', 'food', 'specially', 'drink', 'aesthetic', 'ambience', 'loved', 'everything', 'prfect']"
Koko,"Jeevan beema nagar,Bengaluru",loved the food ambiance and service true authentic japanese food,5.0,"['loved', 'food', 'ambiance', 'service', 'true', 'authentic', 'japanese', 'food']"
Koko,"Jeevan beema nagar,Bengaluru",everything was so yum from sushi to bao single serve soupy dumplings noodles i loved everything except that the price is too high,4.0,"['everything', 'yum', 'sushi', 'bao', 'single', 'serve', 'soupy', 'dumpling', 'noodle', 'loved', 'everything', 'except', 'price', 'high']"
Koko,"Jeevan beema nagar,Bengaluru",amazing food,5.0,"['amazing', 'food']"
Koko,"Jeevan beema nagar,Bengaluru",good food great service,4.0,"['good', 'food', 'great', 'service']"
Koko,"Jeevan beema nagar,Bengaluru",amazing amazing place,5.0,"['amazing', 'amazing', 'place']"
Koko,"Jeevan beema nagar,Bengaluru",amazing cocktails sushi and small plates,5.0,"['amazing', 'cocktail', 'sushi', 'small', 'plate']"
Koko,"Jeevan beema nagar,Bengaluru",visited koko twice food is great loved the kung pao chicken prawns tempura sushi egg fried rice and chicken in chili oil gravy,5.0,"['visited', 'koko', 'twice', 'food', 'great', 'loved', 'kung', 'pao', 'chicken', 'prawn', 'tempura', 'sushi', 'egg', 'fried', 'rice', 'chicken', 'chili', 'oil', 'gravy']"
Koko,"Jeevan beema nagar,Bengaluru",we had done our bookings via zomato the place was packed and the ambience was amazing,4.0,"['done', 'booking', 'via', 'zomato', 'place', 'packed', 'ambience', 'amazing']"
Koko,"Jeevan beema nagar,Bengaluru",we had a wonderful dinner yesterday everything was perfect from the drinks and food to the ambience,5.0,"['wonderful', 'dinner', 'yesterday', 'everything', 'perfect', 'drink', 'food', 'ambience']"
Koko,"Jeevan beema nagar,Bengaluru",exceptional service,5.0,"['exceptional', 'service']"
Koko,"Jeevan beema nagar,Bengaluru",good service and vibe food was top notch my fav kokosignature sushi,5.0,"['good', 'service', 'vibe', 'food', 'top', 'notch', 'fav', 'kokosignature', 'sushi']"
Koko,"Jeevan beema nagar,Bengaluru",the place is amazing with superb service,5.0,"['place', 'amazing', 'superb', 'service']"
Koko,"Jeevan beema nagar,Bengaluru",exotic food and excellent service worth the money spent,5.0,"['exotic', 'food', 'excellent', 'service', 'worth', 'money', 'spent']"
Koko,"Jeevan beema nagar,Bengaluru",excellent food service as always,5.0,"['excellent', 'food', 'service', 'always']"
Koko,"Jeevan beema nagar,Bengaluru",amazing food and ambience and staff takes care amazingly,5.0,"['amazing', 'food', 'ambience', 'staff', 'take', 'care', 'amazingly']"
Koko,"Jeevan beema nagar,Bengaluru",everything was perfect whether it was the food or the ambience or the service everything was outstanding and worth experience,5.0,"['everything', 'perfect', 'whether', 'food', 'ambience', 'service', 'everything', 'outstanding', 'worth', 'experience']"
Koko,"Jeevan beema nagar,Bengaluru",loved the food and service as always,5.0,"['loved', 'food', 'service', 'always']"
Koko,"Jeevan beema nagar,Bengaluru",the entire team as a matter of fact awesome food yum yum,5.0,"['entire', 'team', 'matter', 'fact', 'awesome', 'food', 'yum', 'yum']"
Koko,"Jeevan beema nagar,Bengaluru",the food was great as always but the hospitality by chiranjeet was beyond amazing,5.0,"['food', 'great', 'always', 'hospitality', 'chiranjeet', 'beyond', 'amazing']"
Koko,"Jeevan beema nagar,Bengaluru",good food good ambiance very helpful stuff members and service was quick,5.0,"['good', 'food', 'good', 'ambiance', 'helpful', 'stuff', 'member', 'service', 'quick']"
Koko,"Jeevan beema nagar,Bengaluru",had a good meal chiranjit was very good at his service,5.0,"['good', 'meal', 'chiranjit', 'good', 'service']"
Koko,"Jeevan beema nagar,Bengaluru",everything was amazing from the food till the drinks server jatin was really amazing with his service,5.0,"['everything', 'amazing', 'food', 'till', 'drink', 'server', 'jatin', 'really', 'amazing', 'service']"
Koko,"Jeevan beema nagar,Bengaluru",the food was really awful each dish on the menu lacked authentic flavour,2.0,"['food', 'really', 'awful', 'dish', 'menu', 'lacked', 'authentic', 'flavour']"
Koko,"Jeevan beema nagar,Bengaluru",amazing ambience with sumptuous sushi dumplings and desserta must visit for all food lovers in bengaluru,5.0,"['amazing', 'ambience', 'sumptuous', 'sushi', 'dumpling', 'desserta', 'must', 'visit', 'food', 'lover', 'bengaluru']"
Koko,"Jeevan beema nagar,Bengaluru",the sushi salmon harissa was one of the best ever,5.0,"['sushi', 'salmon', 'harissa', 'one', 'best', 'ever']"
Koko,"Jeevan beema nagar,Bengaluru",great food brilliant service by steve one of my all time favorite asian dining experience,5.0,"['great', 'food', 'brilliant', 'service', 'steve', 'one', 'time', 'favorite', 'asian', 'dining', 'experience']"
Koko,"Jeevan beema nagar,Bengaluru",great food great ambience great service and recommendations,5.0,"['great', 'food', 'great', 'ambience', 'great', 'service', 'recommendation']"
Koko,"Jeevan beema nagar,Bengaluru",the food ambience is indeed amazing,4.0,"['food', 'ambience', 'indeed', 'amazing']"
Koko,"Jeevan beema nagar,Bengaluru",delectable food brilliant service special shout out to romila she was super warm and prompt never disappoints keep it up,5.0,"['delectable', 'food', 'brilliant', 'service', 'special', 'shout', 'romila', 'super', 'warm', 'prompt', 'never', 'disappoints', 'keep']"
Koko,"Jeevan beema nagar,Bengaluru",excellent food for the occasion,5.0,"['excellent', 'food', 'occasion']"
Koko,"Jeevan beema nagar,Bengaluru",great ambiance and food professional staff,5.0,"['great', 'ambiance', 'food', 'professional', 'staff']"
Koko,"Jeevan beema nagar,Bengaluru",we had a good time raunu was great with his recommendations,5.0,"['good', 'time', 'raunu', 'great', 'recommendation']"
Koko,"Jeevan beema nagar,Bengaluru",the food was good but there were a lot of mosquitos,3.0,"['food', 'good', 'lot', 'mosquito']"
Koko,"Jeevan beema nagar,Bengaluru",service is poor and slow,3.0,"['service', 'poor', 'slow']"
Koko,"Jeevan beema nagar,Bengaluru",the food was excellent and service by raunu was fantastic great place,5.0,"['food', 'excellent', 'service', 'raunu', 'fantastic', 'great', 'place']"
The Only Place,"13, Museum Road, Church Street, Bangalore",one of my favorite place in bangalore,5.0,"['one', 'favorite', 'place', 'bangalore']"
The Only Place,"13, Museum Road, Church Street, Bangalore",this one is the most bogus and hyped place food is very normal but price is very high in compare to service interior and vibe they provide,1.0,"['one', 'bogus', 'hyped', 'place', 'food', 'normal', 'price', 'high', 'compare', 'service', 'interior', 'vibe', 'provide']"
The Only Place,"13, Museum Road, Church Street, Bangalore",best lamb burgers and chicken steaks in bangalore one of our favorite spots for dinner,5.0,"['best', 'lamb', 'burger', 'chicken', 'steak', 'bangalore', 'one', 'favorite', 'spot', 'dinner']"
The Only Place,"13, Museum Road, Church Street, Bangalore",love the food and the whole some nature and the ambience of the place,5.0,"['love', 'food', 'whole', 'nature', 'ambience', 'place']"
The Only Place,"13, Museum Road, Church Street, Bangalore",well made steaks and chicken paprika the portions were generally good value for money but the burger was bland extremely fast and efficient service even on sunday brunch shift,4.0,"['well', 'made', 'steak', 'chicken', 'paprika', 'portion', 'generally', 'good', 'value', 'money', 'burger', 'bland', 'extremely', 'fast', 'efficient', 'service', 'even', 'sunday', 'brunch', 'shift']"
The Only Place,"13, Museum Road, Church Street, Bangalore",being an international here its been stressful lately to get a nice steak until we had the chance to locate the only place,4.0,"['international', 'stressful', 'lately', 'get', 'nice', 'steak', 'chance', 'locate', 'place']"
The Only Place,"13, Museum Road, Church Street, Bangalore",really pathetic bad service not that it was slow but they were grumpy as hell and judging us probably this was the worst service i ever experienced in my life,2.0,"['really', 'pathetic', 'bad', 'service', 'slow', 'grumpy', 'hell', 'judging', 'u', 'probably', 'worst', 'service', 'ever', 'experienced', 'life']"
The Only Place,"13, Museum Road, Church Street, Bangalore",love the experience here had steak cheese burgerfish and chips few other dishes loved the recommendations from the host,5.0,"['love', 'experience', 'steak', 'cheese', 'burgerfish', 'chip', 'dish', 'loved', 'recommendation', 'host']"
The Only Place,"13, Museum Road, Church Street, Bangalore",love how theyve maintained the authenticity factor old school and love it,5.0,"['love', 'theyve', 'maintained', 'authenticity', 'factor', 'old', 'school', 'love']"
The Only Place,"13, Museum Road, Church Street, Bangalore",great food and a nostalgic place but the captain was rude and unfriendly the other staff were polite so overall it was still a good experience,3.0,"['great', 'food', 'nostalgic', 'place', 'captain', 'rude', 'unfriendly', 'staff', 'polite', 'overall', 'still', 'good', 'experience']"
The Only Place,"13, Museum Road, Church Street, Bangalore",nice ambience but the food was average the order was wrong and mosquitoes made the visit uncomfortable,2.0,"['nice', 'ambience', 'food', 'average', 'order', 'wrong', 'mosquito', 'made', 'visit', 'uncomfortable']"
The Only Place,"13, Museum Road, Church Street, Bangalore",great steaks and a wholesome experience though a few flies can be annoying because of the open seating,4.0,"['great', 'steak', 'wholesome', 'experience', 'though', 'fly', 'annoying', 'open', 'seating']"
The Only Place,"13, Museum Road, Church Street, Bangalore",the food is easy on the pocket yet delicious service can be a bit slow at times,4.0,"['food', 'easy', 'pocket', 'yet', 'delicious', 'service', 'bit', 'slow', 'time']"
The Only Place,"13, Museum Road, Church Street, Bangalore",good food friendly staff and a nice place to visitill definitely come back,5.0,"['good', 'food', 'friendly', 'staff', 'nice', 'place', 'visitill', 'definitely', 'come', 'back']"
The Only Place,"13, Museum Road, Church Street, Bangalore",the food is average place is hyped disappointed,1.0,"['food', 'average', 'place', 'hyped', 'disappointed']"
The Only Place,"13, Museum Road, Church Street, Bangalore",the steak was good but the food was average and the floor manager was rude,3.0,"['steak', 'good', 'food', 'average', 'floor', 'manager', 'rude']"
The Only Place,"13, Museum Road, Church Street, Bangalore",poor food and unfriendly service made the experience disappointing,2.0,"['poor', 'food', 'unfriendly', 'service', 'made', 'experience', 'disappointing']"
The Only Place,"13, Museum Road, Church Street, Bangalore",garlic bread was good but the burger and lamb steak were disappointing and lacked quality,1.0,"['garlic', 'bread', 'good', 'burger', 'lamb', 'steak', 'disappointing', 'lacked', 'quality']"
The Only Place,"13, Museum Road, Church Street, Bangalore",great steaks but the rude staff and poor service spoiled the experience,3.0,"['great', 'steak', 'rude', 'staff', 'poor', 'service', 'spoiled', 'experience']"
The Only Place,"13, Museum Road, Church Street, Bangalore",good abience food and staff a cozy little place with bangin food amust visit in blore,5.0,"['good', 'abience', 'food', 'staff', 'cozy', 'little', 'place', 'bangin', 'food', 'amust', 'visit', 'blore']"
The Only Place,"13, Museum Road, Church Street, Bangalore",excellent food,5.0,"['excellent', 'food']"
The Only Place,"13, Museum Road, Church Street, Bangalore",its historic and authentic spot but id recommend it only if youre a steak loverservice is really good,3.0,"['historic', 'authentic', 'spot', 'id', 'recommend', 'youre', 'steak', 'loverservice', 'really', 'good']"
The Only Place,"13, Museum Road, Church Street, Bangalore",staff is very arrogant and rude,3.0,"['staff', 'arrogant', 'rude']"
The Only Place,"13, Museum Road, Church Street, Bangalore",the steak was tough the service was poor and i wouldnt recommend this place,1.0,"['steak', 'tough', 'service', 'poor', 'wouldnt', 'recommend', 'place']"
The Only Place,"13, Museum Road, Church Street, Bangalore",the food and service were disappointing and the place has lost its old quality,1.0,"['food', 'service', 'disappointing', 'place', 'lost', 'old', 'quality']"
The Only Place,"13, Museum Road, Church Street, Bangalore",service is poor and taste is unsatisfactory,1.0,"['service', 'poor', 'taste', 'unsatisfactory']"
The Only Place,"13, Museum Road, Church Street, Bangalore",dont trust the reviews food is not good,1.0,"['dont', 'trust', 'review', 'food', 'good']"
The Only Place,"13, Museum Road, Church Street, Bangalore",good food but the rude manager and poor service make the experience frustrating,1.0,"['good', 'food', 'rude', 'manager', 'poor', 'service', 'make', 'experience', 'frustrating']"
The Only Place,"13, Museum Road, Church Street, Bangalore",just amazing food,5.0,"['amazing', 'food']"
The Only Place,"13, Museum Road, Church Street, Bangalore",the food quality has dropped and the rude staff made the experience disappointing,1.0,"['food', 'quality', 'dropped', 'rude', 'staff', 'made', 'experience', 'disappointing']"
The Only Place,"13, Museum Road, Church Street, Bangalore",worst food i ever had vegetables were half cooked,1.0,"['worst', 'food', 'ever', 'vegetable', 'half', 'cooked']"
The Only Place,"13, Museum Road, Church Street, Bangalore",delicious food great steaks and excellent value for moneyhighly recommended,4.0,"['delicious', 'food', 'great', 'steak', 'excellent', 'value', 'moneyhighly', 'recommended']"
The Only Place,"13, Museum Road, Church Street, Bangalore",the food tasted bad and we think it caused food poisoning,1.0,"['food', 'tasted', 'bad', 'think', 'caused', 'food', 'poisoning']"
The Only Place,"13, Museum Road, Church Street, Bangalore",the food was bland and overpriced and only the cherry pie was good,1.0,"['food', 'bland', 'overpriced', 'cherry', 'pie', 'good']"
The Only Place,"13, Museum Road, Church Street, Bangalore",great steaks friendly service and a beautiful ambience make it worth a visit,5.0,"['great', 'steak', 'friendly', 'service', 'beautiful', 'ambience', 'make', 'worth', 'visit']"
The Only Place,"13, Museum Road, Church Street, Bangalore",we hardly ate anything,1.0,"['hardly', 'ate', 'anything']"
The Only Place,"13, Museum Road, Church Street, Bangalore",excellent steaks great service and a cozy ambience make this place a mustvisit,5.0,"['excellent', 'steak', 'great', 'service', 'cozy', 'ambience', 'make', 'place', 'mustvisit']"
The Only Place,"13, Museum Road, Church Street, Bangalore",everything is absolutely fantastic,5.0,"['everything', 'absolutely', 'fantastic']"
The Only Place,"13, Museum Road, Church Street, Bangalore",the chicken steak was undercooked and disappointing making it a waste of money,5.0,"['chicken', 'steak', 'undercooked', 'disappointing', 'making', 'waste', 'money']"
The Only Place,"13, Museum Road, Church Street, Bangalore",the food was disappointing and the manager was unhelpful so i wouldnt visit again,2.0,"['food', 'disappointing', 'manager', 'unhelpful', 'wouldnt', 'visit']"
The Only Place,"13, Museum Road, Church Street, Bangalore",delicious food great hospitality and a warm atmosphere make this place worth visiting,5.0,"['delicious', 'food', 'great', 'hospitality', 'warm', 'atmosphere', 'make', 'place', 'worth', 'visiting']"
The Only Place,"13, Museum Road, Church Street, Bangalore",food was delcious and staff is frinedly and polite,5.0,"['food', 'delcious', 'staff', 'frinedly', 'polite']"
The Only Place,"13, Museum Road, Church Street, Bangalore",the food quality has dropped with overcooked and poorly prepared dishes that were disappointing,1.0,"['food', 'quality', 'dropped', 'overcooked', 'poorly', 'prepared', 'dish', 'disappointing']"
The Only Place,"13, Museum Road, Church Street, Bangalore",the staff and manager were rude and the slow service spoiled the experience,1.0,"['staff', 'manager', 'rude', 'slow', 'service', 'spoiled', 'experience']"
The Only Place,"13, Museum Road, Church Street, Bangalore",the manager and the staffs are too rude and i would really appreciate it if service is better just felt like walking out but the food is fine ig,1.0,"['manager', 'staff', 'rude', 'would', 'really', 'appreciate', 'service', 'better', 'felt', 'like', 'walking', 'food', 'fine', 'ig']"
The Only Place,"13, Museum Road, Church Street, Bangalore",please improve the zomato service food ready getting very delayed long time waiting delivery agent please kindly improve there,1.0,"['please', 'improve', 'zomato', 'service', 'food', 'ready', 'getting', 'delayed', 'long', 'time', 'waiting', 'delivery', 'agent', 'please', 'kindly', 'improve']"
The Only Place,"13, Museum Road, Church Street, Bangalore",great steaks and burgers with quick service make this a bangalore classic,4.0,"['great', 'steak', 'burger', 'quick', 'service', 'make', 'bangalore', 'classic']"
The Only Place,"13, Museum Road, Church Street, Bangalore",rude staff poor food quality and long wait times made the experience disappointing,2.0,"['rude', 'staff', 'poor', 'food', 'quality', 'long', 'wait', 'time', 'made', 'experience', 'disappointing']"
The Only Place,"13, Museum Road, Church Street, Bangalore",extremely bad experience awful food service and staff is rude pls have a shwarma from the corner the spending time here,1.0,"['extremely', 'bad', 'experience', 'awful', 'food', 'service', 'staff', 'rude', 'pls', 'shwarma', 'corner', 'spending', 'time']"
The Only Place,"13, Museum Road, Church Street, Bangalore",staff heres very rude and dont listen to customer only priority for the staff is to churn out orders and not care about the customer experience,1.0,"['staff', 'here', 'rude', 'dont', 'listen', 'customer', 'priority', 'staff', 'churn', 'order', 'care', 'customer', 'experience']"
The Only Place,"13, Museum Road, Church Street, Bangalore",this restaurant offers a mixed experience while the ambiance and some dishes are outstanding there are areas where improvement is needed especially in service and consistency in food quality its a place worth trying but with tempered expectations,3.0,"['restaurant', 'offer', 'mixed', 'experience', 'ambiance', 'dish', 'outstanding', 'area', 'improvement', 'needed', 'especially', 'service', 'consistency', 'food', 'quality', 'place', 'worth', 'trying', 'tempered', 'expectation']"
The Only Place,"13, Museum Road, Church Street, Bangalore",the soup was poor and the food was disappointing overall,2.0,"['soup', 'poor', 'food', 'disappointing', 'overall']"
The Only Place,"13, Museum Road, Church Street, Bangalore",the food was average and the quality has declined compared to before,2.0,"['food', 'average', 'quality', 'declined', 'compared']"
The Only Place,"13, Museum Road, Church Street, Bangalore",overrated the worst lasagne i ever had way too ovverpriced,1.0,"['overrated', 'worst', 'lasagne', 'ever', 'way', 'ovverpriced']"
The Only Place,"13, Museum Road, Church Street, Bangalore",the environment is very friendly responsive and kind staff warm ambience and good parking service,4.0,"['environment', 'friendly', 'responsive', 'kind', 'staff', 'warm', 'ambience', 'good', 'parking', 'service']"
The Only Place,"13, Museum Road, Church Street, Bangalore",its way too over priced and unnecessarily hyped food is normal you can get better food in truffles no parking its clumsy place and very unhygienic too,2.0,"['way', 'priced', 'unnecessarily', 'hyped', 'food', 'normal', 'get', 'better', 'food', 'truffle', 'parking', 'clumsy', 'place', 'unhygienic']"
The Only Place,"13, Museum Road, Church Street, Bangalore",everything was superb,5.0,"['everything', 'superb']"
The Only Place,"13, Museum Road, Church Street, Bangalore",nothing great about this place poorly cooked low quality food no presentation small portions for the price ok service,2.0,"['nothing', 'great', 'place', 'poorly', 'cooked', 'low', 'quality', 'food', 'presentation', 'small', 'portion', 'price', 'ok', 'service']"
The Only Place,"13, Museum Road, Church Street, Bangalore",the worst steak we have ever had overhyped,1.0,"['worst', 'steak', 'ever', 'overhyped']"
Nagarjuna,"44/1, Residency Road, Bangalore",excellent food efficient staff and smiling service no wonder people throng to it keep it up,5.0,"['excellent', 'food', 'efficient', 'staff', 'smiling', 'service', 'wonder', 'people', 'throng', 'keep']"
Nagarjuna,"44/1, Residency Road, Bangalore",poor food quality and rude service made the visit very disappointing,2.0,"['poor', 'food', 'quality', 'rude', 'service', 'made', 'visit', 'disappointing']"
Nagarjuna,"44/1, Residency Road, Bangalore",delicious and homely meals make the wait worth it,5.0,"['delicious', 'homely', 'meal', 'make', 'wait', 'worth']"
Nagarjuna,"44/1, Residency Road, Bangalore",the food tasted good but poor hygiene may have caused food poisoning,1.0,"['food', 'tasted', 'good', 'poor', 'hygiene', 'may', 'caused', 'food', 'poisoning']"
Nagarjuna,"44/1, Residency Road, Bangalore",the food was overpriced and not worth the money,2.0,"['food', 'overpriced', 'worth', 'money']"
Nagarjuna,"44/1, Residency Road, Bangalore",excellent service and quality of food delicious and the qty was also good,5.0,"['excellent', 'service', 'quality', 'food', 'delicious', 'qty', 'also', 'good']"
Nagarjuna,"44/1, Residency Road, Bangalore",best andra meals ever,5.0,"['best', 'andra', 'meal', 'ever']"
Nagarjuna,"44/1, Residency Road, Bangalore",good food friendly staff and quick service made for a pleasant lunch,5.0,"['good', 'food', 'friendly', 'staff', 'quick', 'service', 'made', 'pleasant', 'lunch']"
Nagarjuna,"44/1, Residency Road, Bangalore",the staff did not allow food sharing the service was rude and the food was average making the experience disappointing,1.0,"['staff', 'allow', 'food', 'sharing', 'service', 'rude', 'food', 'average', 'making', 'experience', 'disappointing']"
Nagarjuna,"44/1, Residency Road, Bangalore",the vegetables and sweets were low quality with very little variety compared to other outlets,1.0,"['vegetable', 'sweet', 'low', 'quality', 'little', 'variety', 'compared', 'outlet']"
Nagarjuna,"44/1, Residency Road, Bangalore",although the food is going the service is really slow they kept me waiting for 15 mins for giving bill also,2.0,"['although', 'food', 'going', 'service', 'really', 'slow', 'kept', 'waiting', '15', 'min', 'giving', 'bill', 'also']"
Nagarjuna,"44/1, Residency Road, Bangalore",delicious biryani and flavorful food with excellent service and warm hospitality,5.0,"['delicious', 'biryani', 'flavorful', 'food', 'excellent', 'service', 'warm', 'hospitality']"
Nagarjuna,"44/1, Residency Road, Bangalore",i would simply wow for their preparation and taste it was lip smacking,5.0,"['would', 'simply', 'wow', 'preparation', 'taste', 'lip', 'smacking']"
Nagarjuna,"44/1, Residency Road, Bangalore",poor crowd management long waits and an uncomfortable dining experience,1.0,"['poor', 'crowd', 'management', 'long', 'wait', 'uncomfortable', 'dining', 'experience']"
Nagarjuna,"44/1, Residency Road, Bangalore",delicious andhra meals prompt service and a clean ambience make this place worth visiting,4.0,"['delicious', 'andhra', 'meal', 'prompt', 'service', 'clean', 'ambience', 'make', 'place', 'worth', 'visiting']"
Nagarjuna,"44/1, Residency Road, Bangalore",best and he amal ever i have had the pappu here is so good,5.0,"['best', 'amal', 'ever', 'pappu', 'good']"
Nagarjuna,"44/1, Residency Road, Bangalore",superb experience amazing food and super delicious your stomach will be full with the variety they have to offer,5.0,"['superb', 'experience', 'amazing', 'food', 'super', 'delicious', 'stomach', 'full', 'variety', 'offer']"
Nagarjuna,"44/1, Residency Road, Bangalore",delicious andhra food friendly staff and great service make it a good place to visit,4.0,"['delicious', 'andhra', 'food', 'friendly', 'staff', 'great', 'service', 'make', 'good', 'place', 'visit']"
Nagarjuna,"44/1, Residency Road, Bangalore",long waits salty food and poor customer service made the experience disappointing,1.0,"['long', 'wait', 'salty', 'food', 'poor', 'customer', 'service', 'made', 'experience', 'disappointing']"
Nagarjuna,"44/1, Residency Road, Bangalore",the staff were rude and rushed us throughout the meal making the dining experience very unpleasant,1.0,"['staff', 'rude', 'rushed', 'u', 'throughout', 'meal', 'making', 'dining', 'experience', 'unpleasant']"
Nagarjuna,"44/1, Residency Road, Bangalore",the food was bland the service was poor and hidden valet charges made the experience disappointing,1.0,"['food', 'bland', 'service', 'poor', 'hidden', 'valet', 'charge', 'made', 'experience', 'disappointing']"
Nagarjuna,"44/1, Residency Road, Bangalore",delicious biryani and food but the service becomes chaotic during busy hours,3.0,"['delicious', 'biryani', 'food', 'service', 'becomes', 'chaotic', 'busy', 'hour']"
Nagarjuna,"44/1, Residency Road, Bangalore",delicious andhrastyle biryani quick service and generous portions make it worth visiting,5.0,"['delicious', 'andhrastyle', 'biryani', 'quick', 'service', 'generous', 'portion', 'make', 'worth', 'visiting']"
Nagarjuna,"44/1, Residency Road, Bangalore",poor service long delays and an absent manager spoiled the dining experience,2.0,"['poor', 'service', 'long', 'delay', 'absent', 'manager', 'spoiled', 'dining', 'experience']"
Nagarjuna,"44/1, Residency Road, Bangalore",delicious andhra food prompt service and reasonable prices make this restaurant highly recommended,5.0,"['delicious', 'andhra', 'food', 'prompt', 'service', 'reasonable', 'price', 'make', 'restaurant', 'highly', 'recommended']"
Nagarjuna,"44/1, Residency Road, Bangalore",excellent service the food quality and taste is very good this place never disappoints,4.0,"['excellent', 'service', 'food', 'quality', 'taste', 'good', 'place', 'never', 'disappoints']"
Nagarjuna,"44/1, Residency Road, Bangalore",the food was bland and poor in quality and the staff handled the complaint poorly making the experience disappointing,1.0,"['food', 'bland', 'poor', 'quality', 'staff', 'handled', 'complaint', 'poorly', 'making', 'experience', 'disappointing']"
Nagarjuna,"44/1, Residency Road, Bangalore",the ambience and decor were on point and set us up for a great dining experience flavours were also good,5.0,"['ambience', 'decor', 'point', 'set', 'u', 'great', 'dining', 'experience', 'flavour', 'also', 'good']"
Nagarjuna,"44/1, Residency Road, Bangalore",authentic andhra meals and flavorful mutton biryani make this place a mustvisit,5.0,"['authentic', 'andhra', 'meal', 'flavorful', 'mutton', 'biryani', 'make', 'place', 'mustvisit']"
Nagarjuna,"44/1, Residency Road, Bangalore",the veg meals were overpriced with poor taste limited items and a disappointing experience,1.0,"['veg', 'meal', 'overpriced', 'poor', 'taste', 'limited', 'item', 'disappointing', 'experience']"
Nagarjuna,"44/1, Residency Road, Bangalore",the andhra meals were overpriced lacked variety and had poor taste,1.0,"['andhra', 'meal', 'overpriced', 'lacked', 'variety', 'poor', 'taste']"
Nagarjuna,"44/1, Residency Road, Bangalore",the food is really nice and value for money,5.0,"['food', 'really', 'nice', 'value', 'money']"
Nagarjuna,"44/1, Residency Road, Bangalore",delicious authentic andhra meals courteous staff and affordable prices made it a great experience,5.0,"['delicious', 'authentic', 'andhra', 'meal', 'courteous', 'staff', 'affordable', 'price', 'made', 'great', 'experience']"
Nagarjuna,"44/1, Residency Road, Bangalore",great andhra meals and excellent service from tulasi make this place a mustvisit,5.0,"['great', 'andhra', 'meal', 'excellent', 'service', 'tulasi', 'make', 'place', 'mustvisit']"
Nagarjuna,"44/1, Residency Road, Bangalore",satisfying meals ample seating area family crowd bit pricey,4.0,"['satisfying', 'meal', 'ample', 'seating', 'area', 'family', 'crowd', 'bit', 'pricey']"
Nagarjuna,"44/1, Residency Road, Bangalore",great food quality and spacious seating but the service is slow try the spicy chicken starters and meals,4.0,"['great', 'food', 'quality', 'spacious', 'seating', 'service', 'slow', 'try', 'spicy', 'chicken', 'starter', 'meal']"
Nagarjuna,"44/1, Residency Road, Bangalore",delicious meals and biryani with a nostalgic experience making it worth visiting again,5.0,"['delicious', 'meal', 'biryani', 'nostalgic', 'experience', 'making', 'worth', 'visiting']"
Nagarjuna,"44/1, Residency Road, Bangalore",perfect place to eat amazing food experience,5.0,"['perfect', 'place', 'eat', 'amazing', 'food', 'experience']"
Nagarjuna,"44/1, Residency Road, Bangalore",tasty south indian meals with a pleasant ambience but expect a long wait due to crowds,4.0,"['tasty', 'south', 'indian', 'meal', 'pleasant', 'ambience', 'expect', 'long', 'wait', 'due', 'crowd']"
Nagarjuna,"44/1, Residency Road, Bangalore",courteous staff delicious food good for large groups great quality good value,5.0,"['courteous', 'staff', 'delicious', 'food', 'good', 'large', 'group', 'great', 'quality', 'good', 'value']"
Nagarjuna,"44/1, Residency Road, Bangalore",if youre looking for a wholesome andhra meal this is the place to go super quick service even during rush hours,3.0,"['youre', 'looking', 'wholesome', 'andhra', 'meal', 'place', 'go', 'super', 'quick', 'service', 'even', 'rush', 'hour']"
Nagarjuna,"44/1, Residency Road, Bangalore",amazing food and even better service this place is a must visit especially in this area for a quick sumptuous and authentic meal,4.0,"['amazing', 'food', 'even', 'better', 'service', 'place', 'must', 'visit', 'especially', 'area', 'quick', 'sumptuous', 'authentic', 'meal']"
Nagarjuna,"44/1, Residency Road, Bangalore",amazing food very polite staff superb experience will definitely recommend,5.0,"['amazing', 'food', 'polite', 'staff', 'superb', 'experience', 'definitely', 'recommend']"
Nagarjuna,"44/1, Residency Road, Bangalore",authentic andhra meals with great taste hygiene and value for money other dishes are average,4.0,"['authentic', 'andhra', 'meal', 'great', 'taste', 'hygiene', 'value', 'money', 'dish', 'average']"
Nagarjuna,"44/1, Residency Road, Bangalore",mutton biryani quality needs improvement as the meat was fatty and undercooked,3.0,"['mutton', 'biryani', 'quality', 'need', 'improvement', 'meat', 'fatty', 'undercooked']"
Nagarjuna,"44/1, Residency Road, Bangalore",i liked south indian full meals it had the flavour of andhra pradeshs taste i loved it i would recommend this place for a lunch,4.0,"['liked', 'south', 'indian', 'full', 'meal', 'flavour', 'andhra', 'pradeshs', 'taste', 'loved', 'would', 'recommend', 'place', 'lunch']"
Nagarjuna,"44/1, Residency Road, Bangalore",popular andhrastyle biryani and meals with authentic banana leaf serving making it a musttry place,4.0,"['popular', 'andhrastyle', 'biryani', 'meal', 'authentic', 'banana', 'leaf', 'serving', 'making', 'musttry', 'place']"
Nagarjuna,"44/1, Residency Road, Bangalore",complaint about the managers behavior and alleged unfair practices affecting customers,1.0,"['complaint', 'manager', 'behavior', 'alleged', 'unfair', 'practice', 'affecting', 'customer']"
Nagarjuna,"44/1, Residency Road, Bangalore",excellent meals and nonveg starters with quick service but the biryani was average,5.0,"['excellent', 'meal', 'nonveg', 'starter', 'quick', 'service', 'biryani', 'average']"
Nagarjuna,"44/1, Residency Road, Bangalore",long waiting times poor crowd management and parking issues make it inconvenient especially for elderly people,1.0,"['long', 'waiting', 'time', 'poor', 'crowd', 'management', 'parking', 'issue', 'make', 'inconvenient', 'especially', 'elderly', 'people']"
Nagarjuna,"44/1, Residency Road, Bangalore",food was just next to perfect amazing experience strongly recommended,5.0,"['food', 'next', 'perfect', 'amazing', 'experience', 'strongly', 'recommended']"
Nagarjuna,"44/1, Residency Road, Bangalore",delicious andhra biryani with good portions but service issues with the wrong order affected the experience,4.0,"['delicious', 'andhra', 'biryani', 'good', 'portion', 'service', 'issue', 'wrong', 'order', 'affected', 'experience']"
Nagarjuna,"44/1, Residency Road, Bangalore",veg carrier meal quality has declined with poor rice watery dal and average sides compared to earlier experiences,2.0,"['veg', 'carrier', 'meal', 'quality', 'declined', 'poor', 'rice', 'watery', 'dal', 'average', 'side', 'compared', 'earlier', 'experience']"
Nagarjuna,"44/1, Residency Road, Bangalore",all items were served quickly and the quality and quantity were very good,4.0,"['item', 'served', 'quickly', 'quality', 'quantity', 'good']"
Nagarjuna,"44/1, Residency Road, Bangalore",place was super crowded food was tasty but the service was shabby,2.0,"['place', 'super', 'crowded', 'food', 'tasty', 'service', 'shabby']"
Nagarjuna,"44/1, Residency Road, Bangalore",the taste is still the same however food quality seems to have reduced a bit,4.0,"['taste', 'still', 'however', 'food', 'quality', 'seems', 'reduced', 'bit']"
Nagarjuna,"44/1, Residency Road, Bangalore",poor food quality cramped seating and bad service made the experience disappointing and not worth the price,2.0,"['poor', 'food', 'quality', 'cramped', 'seating', 'bad', 'service', 'made', 'experience', 'disappointing', 'worth', 'price']"
Nagarjuna,"44/1, Residency Road, Bangalore",food was really good,5.0,"['food', 'really', 'good']"
Nagarjuna,"44/1, Residency Road, Bangalore",theres a lot of waiting time and behavior of staff was not good,1.0,"['there', 'lot', 'waiting', 'time', 'behavior', 'staff', 'good']"
Nagarjuna,"44/1, Residency Road, Bangalore",the taste of food is good spicy and quantity is also good good value,5.0,"['taste', 'food', 'good', 'spicy', 'quantity', 'also', 'good', 'good', 'value']"
CTR  Shri Sagar,malleshwaram,visited ctr tiffin room bengaluru and had an amazing experience,5.0,"['visited', 'ctr', 'tiffin', 'room', 'bengaluru', 'amazing', 'experience']"
CTR  Shri Sagar,malleshwaram,the dosa was incredibly crispy flavorful and unlike any dosa i have ever had before the taste was truly unique and memorable,5.0,"['dosa', 'incredibly', 'crispy', 'flavorful', 'unlike', 'dosa', 'ever', 'taste', 'truly', 'unique', 'memorable']"
CTR  Shri Sagar,malleshwaram,highly recommended for anyone visiting bengaluru definitely one of the best dosa experiences ive had,4.0,"['highly', 'recommended', 'anyone', 'visiting', 'bengaluru', 'definitely', 'one', 'best', 'dosa', 'experience', 'ive']"
CTR  Shri Sagar,malleshwaram,the ambience of the place feels very nostalgic and reflects the charm of the 70s era,4.0,"['ambience', 'place', 'feel', 'nostalgic', 'reflects', 'charm', '70', 'era']"
CTR  Shri Sagar,malleshwaram,i recently visited central tiffin rooms ctr bangalore and it once again reminded me why this place holds such a special place in the hearts of south indian food lovers,4.0,"['recently', 'visited', 'central', 'tiffin', 'room', 'ctr', 'bangalore', 'reminded', 'place', 'hold', 'special', 'place', 'heart', 'south', 'indian', 'food', 'lover']"
CTR  Shri Sagar,malleshwaram,the food as expected was outstanding ctr truly serves one of the best benne masala dosas in the world,4.0,"['food', 'expected', 'outstanding', 'ctr', 'truly', 'serf', 'one', 'best', 'benne', 'masala', 'dosas', 'world']"
CTR  Shri Sagar,malleshwaram,ctr is one of the best places in bangalore to enjoy authentic south indian breakfast,4.0,"['ctr', 'one', 'best', 'place', 'bangalore', 'enjoy', 'authentic', 'south', 'indian', 'breakfast']"
CTR  Shri Sagar,malleshwaram,visited this beautiful oldstyle place in malleswaram and it turned out to be such a lovely experience,5.0,"['visited', 'beautiful', 'oldstyle', 'place', 'malleswaram', 'turned', 'lovely', 'experience']"
CTR  Shri Sagar,malleshwaram,if youre someone who enjoys authentic bangalorestyle breakfast with that nostalgic charm this place is a mustvisit,5.0,"['youre', 'someone', 'enjoys', 'authentic', 'bangalorestyle', 'breakfast', 'nostalgic', 'charm', 'place', 'mustvisit']"
CTR  Shri Sagar,malleshwaram,no wow factor not worth the hype and definitely not worth standing in a 1520 minute queue,3.0,"['wow', 'factor', 'worth', 'hype', 'definitely', 'worth', 'standing', '1520', 'minute', 'queue']"
CTR  Shri Sagar,malleshwaram,tbh the best dosa ive had in bengaluru so far especially their benne masala dosa absolutely delicious and perfectly made,5.0,"['tbh', 'best', 'dosa', 'ive', 'bengaluru', 'far', 'especially', 'benne', 'masala', 'dosa', 'absolutely', 'delicious', 'perfectly', 'made']"
CTR  Shri Sagar,malleshwaram,106yearold legendary breakfast spot that truly lives up to its reputation,5.0,"['106yearold', 'legendary', 'breakfast', 'spot', 'truly', 'life', 'reputation']"
CTR  Shri Sagar,malleshwaram,ctr in malleshwaram is a legendary breakfast spot and truly reflects oldschool bengaluru charm,4.0,"['ctr', 'malleshwaram', 'legendary', 'breakfast', 'spot', 'truly', 'reflects', 'oldschool', 'bengaluru', 'charm']"
CTR  Shri Sagar,malleshwaram,benne masala dosa was so good they provide 2 chutneys but no sambar,5.0,"['benne', 'masala', 'dosa', 'good', 'provide', '2', 'chutney', 'sambar']"
CTR  Shri Sagar,malleshwaram,it gives you the old vintage style vibes really liked the vada and filter coffee,3.0,"['give', 'old', 'vintage', 'style', 'vibe', 'really', 'liked', 'vada', 'filter', 'coffee']"
CTR  Shri Sagar,malleshwaram,came here with high expectations due to the hype but unfortunately it didnt live up to it,3.0,"['came', 'high', 'expectation', 'due', 'hype', 'unfortunately', 'didnt', 'live']"
CTR  Shri Sagar,malleshwaram,you are going here for nothing but the food the benne or ghee dosa is the best,4.0,"['going', 'nothing', 'food', 'benne', 'ghee', 'dosa', 'best']"
CTR  Shri Sagar,malleshwaram,this is such an amazing and authentic breakfast place in malleswaram,5.0,"['amazing', 'authentic', 'breakfast', 'place', 'malleswaram']"
CTR  Shri Sagar,malleshwaram,after seeing all the hype honestly it was just decentcrispy buttery and fine in taste but nothing special,4.0,"['seeing', 'hype', 'honestly', 'decentcrispy', 'buttery', 'fine', 'taste', 'nothing', 'special']"
CTR  Shri Sagar,malleshwaram,the coffee was good as well the crowd was huge however it was all resolved and everyone got place to sit and eat,4.0,"['coffee', 'good', 'well', 'crowd', 'huge', 'however', 'resolved', 'everyone', 'got', 'place', 'sit', 'eat']"
CTR  Shri Sagar,malleshwaram,an unpopular opinion we tried their benne masala dosa and mangalore bajji but honestly it wasnt worth the hype,3.0,"['unpopular', 'opinion', 'tried', 'benne', 'masala', 'dosa', 'mangalore', 'bajji', 'honestly', 'wasnt', 'worth', 'hype']"
CTR  Shri Sagar,malleshwaram,went here for breakfast on a holiday limited seating parking is available but limited space,4.0,"['went', 'breakfast', 'holiday', 'limited', 'seating', 'parking', 'available', 'limited', 'space']"
CTR  Shri Sagar,malleshwaram,this is my favourite goto restaurant,5.0,"['favourite', 'goto', 'restaurant']"
CTR  Shri Sagar,malleshwaram,best place for morning breakfast and go to place for the crispiest dosa,4.0,"['best', 'place', 'morning', 'breakfast', 'go', 'place', 'crispiest', 'dosa']"
CTR  Shri Sagar,malleshwaram,very good doss crisp on the outside soft on the inside,4.0,"['good', 'dos', 'crisp', 'outside', 'soft', 'inside']"
CTR  Shri Sagar,malleshwaram,central tiffin room ctr or sri sagar hotel is a heritage restaurant in northwest bangalore established in the 1920s by yv subramanyam,5.0,"['central', 'tiffin', 'room', 'ctr', 'sri', 'sagar', 'hotel', 'heritage', 'restaurant', 'northwest', 'bangalore', 'established', '1920s', 'yv', 'subramanyam']"
CTR  Shri Sagar,malleshwaram,the dosa was 1010 but quite disappointed with other things,4.0,"['dosa', '1010', 'quite', 'disappointed', 'thing']"
CTR  Shri Sagar,malleshwaram,this place is too much over hyped we tried masala dosa idly vada filter coffee rava idly kesari bath,3.0,"['place', 'much', 'hyped', 'tried', 'masala', 'dosa', 'idly', 'vada', 'filter', 'coffee', 'rava', 'idly', 'kesari', 'bath']"
CTR  Shri Sagar,malleshwaram,very famous but i found the food not so great,4.0,"['famous', 'found', 'food', 'great']"
CTR  Shri Sagar,malleshwaram,the food quality was very poor i took the inlet itselfpoori parcel after hearing a lot of hype,3.0,"['food', 'quality', 'poor', 'took', 'inlet', 'itselfpoori', 'parcel', 'hearing', 'lot', 'hype']"
CTR  Shri Sagar,malleshwaram,masala dose is very nice set dose is okcoffe tastes good there will be crowd always,4.0,"['masala', 'dose', 'nice', 'set', 'dose', 'okcoffe', 'taste', 'good', 'crowd', 'always']"
CTR  Shri Sagar,malleshwaram,a very nice dose place in the city this is one of the well known dose places,5.0,"['nice', 'dose', 'place', 'city', 'one', 'well', 'known', 'dose', 'place']"
CTR  Shri Sagar,malleshwaram,they also serve good idly sambarchutney and filter coffee makes the ending of your brunch perfect,5.0,"['also', 'serve', 'good', 'idly', 'sambarchutney', 'filter', 'coffee', 'make', 'ending', 'brunch', 'perfect']"
CTR  Shri Sagar,malleshwaram,overall ctr is a great spot if youre craving classic south indian breakfast or snacks,5.0,"['overall', 'ctr', 'great', 'spot', 'youre', 'craving', 'classic', 'south', 'indian', 'breakfast', 'snack']"
CTR  Shri Sagar,malleshwaram,delicious food let down by mediocre service vade was crispy and fluffy at the same time,4.0,"['delicious', 'food', 'let', 'mediocre', 'service', 'vade', 'crispy', 'fluffy', 'time']"
CTR  Shri Sagar,malleshwaram,dose was not up to point and hype but kesri bath and rava idli was damn good,4.0,"['dose', 'point', 'hype', 'kesri', 'bath', 'rava', 'idli', 'damn', 'good']"
CTR  Shri Sagar,malleshwaram,best dosa ive ever had in my life super crunchy super tasty very authentic,5.0,"['best', 'dosa', 'ive', 'ever', 'life', 'super', 'crunchy', 'super', 'tasty', 'authentic']"
CTR  Shri Sagar,malleshwaram,the best indian breakfast i ever had you must try it when got a chance,5.0,"['best', 'indian', 'breakfast', 'ever', 'must', 'try', 'got', 'chance']"
CTR  Shri Sagar,malleshwaram,best dosa this place is always hyped busy and truly worth the money,5.0,"['best', 'dosa', 'place', 'always', 'hyped', 'busy', 'truly', 'worth', 'money']"
CTR  Shri Sagar,malleshwaram,if youre looking for the best dosa in bangalore your search ends here,5.0,"['youre', 'looking', 'best', 'dosa', 'bangalore', 'search', 'end']"
CTR  Shri Sagar,malleshwaram,very iconic no frills restaurant the food was finger licking good as was the filter coffee very quaint very charming,5.0,"['iconic', 'frill', 'restaurant', 'food', 'finger', 'licking', 'good', 'filter', 'coffee', 'quaint', 'charming']"
CTR  Shri Sagar,malleshwaram,perfect breakfast spot their butter masala dosa are to die for i really recommend this place idlis are so soft chutney is so refreshing,5.0,"['perfect', 'breakfast', 'spot', 'butter', 'masala', 'dosa', 'die', 'really', 'recommend', 'place', 'idlis', 'soft', 'chutney', 'refreshing']"
CTR  Shri Sagar,malleshwaram,overhyped underwhelming horrible food and service took 20min to get a plate of dosa,3.0,"['overhyped', 'underwhelming', 'horrible', 'food', 'service', 'took', '20min', 'get', 'plate', 'dosa']"
CTR  Shri Sagar,malleshwaram,they have literally forgotten to salt in the dishes and nobody care over here there are 100 better restaurants in bangalore over this,3.0,"['literally', 'forgotten', 'salt', 'dish', 'nobody', 'care', '100', 'better', 'restaurant', 'bangalore']"
CTR  Shri Sagar,malleshwaram,a true hidden gem of culinary delights,5.0,"['true', 'hidden', 'gem', 'culinary', 'delight']"
CTR  Shri Sagar,malleshwaram,ctr malleshwaram is a go to place for the best masala dosa in the city,5.0,"['ctr', 'malleshwaram', 'go', 'place', 'best', 'masala', 'dosa', 'city']"
CTR  Shri Sagar,malleshwaram,the dosa was very crispy and buttery but rava idli was quite ordinary,4.0,"['dosa', 'crispy', 'buttery', 'rava', 'idli', 'quite', 'ordinary']"
CTR  Shri Sagar,malleshwaram,best thing to try benne masala dosa ghee masala dosa ending with coffee,4.0,"['best', 'thing', 'try', 'benne', 'masala', 'dosa', 'ghee', 'masala', 'dosa', 'ending', 'coffee']"
CTR  Shri Sagar,malleshwaram,i dont think there are words to describe ctr food excellent food excellent service,5.0,"['dont', 'think', 'word', 'describe', 'ctr', 'food', 'excellent', 'food', 'excellent', 'service']"
MTR,Sudhama Nagar,where history is served on a plate mtr legendary more than 100years old,5.0,"['history', 'served', 'plate', 'mtr', 'legendary', '100years', 'old']"
MTR,Sudhama Nagar,i recently visited mtr near lal bagh for both breakfast and lunch and overall it was a very pleasant experience,5.0,"['recently', 'visited', 'mtr', 'near', 'lal', 'bagh', 'breakfast', 'lunch', 'overall', 'pleasant', 'experience']"
MTR,Sudhama Nagar,this was my first visit to mtr had heard alot about their authentic south indian cuisine,5.0,"['first', 'visit', 'mtr', 'heard', 'alot', 'authentic', 'south', 'indian', 'cuisine']"
MTR,Sudhama Nagar,mtr is one of the legacy restaurants in bangalore i feel the taste is not as good as it was before,4.0,"['mtr', 'one', 'legacy', 'restaurant', 'bangalore', 'feel', 'taste', 'good']"
MTR,Sudhama Nagar,im quite mad that i hadnt discovered this gem of a restaurant till now,5.0,"['im', 'quite', 'mad', 'hadnt', 'discovered', 'gem', 'restaurant', 'till']"
MTR,Sudhama Nagar,amazing nostalgia served with a side of a thimble of ghee,4.0,"['amazing', 'nostalgia', 'served', 'side', 'thimble', 'ghee']"
MTR,Sudhama Nagar,dont expect too much i mean it is just another spot where you get a decent dosa,4.0,"['dont', 'expect', 'much', 'mean', 'another', 'spot', 'get', 'decent', 'dosa']"
MTR,Sudhama Nagar,mtrs first restaurant quality food hygienic environment,5.0,"['mtrs', 'first', 'restaurant', 'quality', 'food', 'hygienic', 'environment']"
MTR,Sudhama Nagar,food have same taste of usual udupi hotel not that much great,3.0,"['food', 'taste', 'usual', 'udupi', 'hotel', 'much', 'great']"
MTR,Sudhama Nagar,an authentic and truly gem of bengaluru to enjoy the culinary experience,5.0,"['authentic', 'truly', 'gem', 'bengaluru', 'enjoy', 'culinary', 'experience']"
MTR,Sudhama Nagar,one of the finest south indian restaurant for tiffin and special meals which is unlimited in everything,5.0,"['one', 'finest', 'south', 'indian', 'restaurant', 'tiffin', 'special', 'meal', 'unlimited', 'everything']"
MTR,Sudhama Nagar,mtr was succesful in bringing their own uniqueness to the classil south indian dish,5.0,"['mtr', 'succesful', 'bringing', 'uniqueness', 'classil', 'south', 'indian', 'dish']"
MTR,Sudhama Nagar,my second visit here rava idli was best like last time badam halwa also good,4.0,"['second', 'visit', 'rava', 'idli', 'best', 'like', 'last', 'time', 'badam', 'halwa', 'also', 'good']"
MTR,Sudhama Nagar,hot stop for authentic south indian vegetarian delicacies,5.0,"['hot', 'stop', 'authentic', 'south', 'indian', 'vegetarian', 'delicacy']"
MTR,Sudhama Nagar,the food was tasty and there service was good expect 40 mins of waiting time during rush hours,4.0,"['food', 'tasty', 'service', 'good', 'expect', '40', 'min', 'waiting', 'time', 'rush', 'hour']"
MTR,Sudhama Nagar,over hyped restaurant with absurdly high price,3.0,"['hyped', 'restaurant', 'absurdly', 'high', 'price']"
MTR,Sudhama Nagar,very disappointing experience we visited mtr lalbagh a year ago and the thali had a much better,3.0,"['disappointing', 'experience', 'visited', 'mtr', 'lalbagh', 'year', 'ago', 'thali', 'much', 'better']"
MTR,Sudhama Nagar,if you ever thought this may not be worth the hype you are wrong,5.0,"['ever', 'thought', 'may', 'worth', 'hype', 'wrong']"
MTR,Sudhama Nagar,good place for lunch simple and tasty on weekends brace for waiting times 3040 mins,4.0,"['good', 'place', 'lunch', 'simple', 'tasty', 'weekend', 'brace', 'waiting', 'time', '3040', 'min']"
MTR,Sudhama Nagar,taste was okay types felt mtr is quite hyped but the service was really poor server was kinda rude,4.0,"['taste', 'okay', 'type', 'felt', 'mtr', 'quite', 'hyped', 'service', 'really', 'poor', 'server', 'kinda', 'rude']"
MTR,Sudhama Nagar,most of the items in the menu are not available expensive for the dining experience and quantity we get,3.0,"['item', 'menu', 'available', 'expensive', 'dining', 'experience', 'quantity', 'get']"
MTR,Sudhama Nagar,for me it was wowitsyummy kind of delicious,4.0,"['wowitsyummy', 'kind', 'delicious']"
MTR,Sudhama Nagar,the system is so broken menu is displayed on a board on the ground floor without the pricing,3.0,"['system', 'broken', 'menu', 'displayed', 'board', 'ground', 'floor', 'without', 'pricing']"
MTR,Sudhama Nagar,the experience due to wait time gets subsided food is definitely very good,4.0,"['experience', 'due', 'wait', 'time', 'get', 'subsided', 'food', 'definitely', 'good']"
MTR,Sudhama Nagar,if you are hard core dosa lover then the place is fine otherwise with these it comes to average,4.0,"['hard', 'core', 'dosa', 'lover', 'place', 'fine', 'otherwise', 'come', 'average']"
MTR,Sudhama Nagar,best of banglore it still retains its old charm i visit this place every time im in bangalore must visit,5.0,"['best', 'banglore', 'still', 'retains', 'old', 'charm', 'visit', 'place', 'every', 'time', 'im', 'bangalore', 'must', 'visit']"
MTR,Sudhama Nagar,special meals was just ordinary for the price waste of money,3.0,"['special', 'meal', 'ordinary', 'price', 'waste', 'money']"
MTR,Sudhama Nagar,one of the best place to have breakfast if you are in bengaluru,5.0,"['one', 'best', 'place', 'breakfast', 'bengaluru']"
MTR,Sudhama Nagar,food they serves is so delicious and yummy that you keep eating,5.0,"['food', 'serf', 'delicious', 'yummy', 'keep', 'eating']"
MTR,Sudhama Nagar,great experience with the place and staff food is just amazing best masala dosa i have had in a long time,5.0,"['great', 'experience', 'place', 'staff', 'food', 'amazing', 'best', 'masala', 'dosa', 'long', 'time']"
MTR,Sudhama Nagar,had tiffin from the indiranagar hotel very bad food not recommended,2.0,"['tiffin', 'indiranagar', 'hotel', 'bad', 'food', 'recommended']"
MTR,Sudhama Nagar,very average dosa and idly does not deserve to be rated this high,3.0,"['average', 'dosa', 'idly', 'deserve', 'rated', 'high']"
MTR,Sudhama Nagar,it is one of the best place to have south indian food,5.0,"['one', 'best', 'place', 'south', 'indian', 'food']"
MTR,Sudhama Nagar,mtr has been known for its breakfast dishes and also their lunch thali,4.0,"['mtr', 'known', 'breakfast', 'dish', 'also', 'lunch', 'thali']"
MTR,Sudhama Nagar,the most stupid staff came accrossno manners to talk,3.0,"['stupid', 'staff', 'came', 'accrossno', 'manner', 'talk']"
MTR,Sudhama Nagar,i had visited mtr with my family and the food was really very tasty,5.0,"['visited', 'mtr', 'family', 'food', 'really', 'tasty']"
MTR,Sudhama Nagar,my mother really loved the food her satisfaction to have the meal in an authentic way,5.0,"['mother', 'really', 'loved', 'food', 'satisfaction', 'meal', 'authentic', 'way']"
MTR,Sudhama Nagar,everything was so tasty especially all the dosa varities it is a literal south indian paradise,5.0,"['everything', 'tasty', 'especially', 'dosa', 'varities', 'literal', 'south', 'indian', 'paradise']"
MTR,Sudhama Nagar,honestly not at all worth the hype,2.0,"['honestly', 'worth', 'hype']"
MTR,Sudhama Nagar,mtr is an emotion to most of the bangaloreans and they still carry it well,4.0,"['mtr', 'emotion', 'bangaloreans', 'still', 'carry', 'well']"
MTR,Sudhama Nagar,the worst ever i have ever visitedtoo expensive for the quality they provide unnecessary waiting,3.0,"['worst', 'ever', 'ever', 'visitedtoo', 'expensive', 'quality', 'provide', 'unnecessary', 'waiting']"
MTR,Sudhama Nagar,mtr was a legend though only once upon a time the quality service and taste levels are just not upto the mark,4.0,"['mtr', 'legend', 'though', 'upon', 'time', 'quality', 'service', 'taste', 'level', 'upto', 'mark']"
MTR,Sudhama Nagar,food service ambience all need an upgrade,3.0,"['food', 'service', 'ambience', 'need', 'upgrade']"
MTR,Sudhama Nagar,horrible experience other mtrs are much better,3.0,"['horrible', 'experience', 'mtrs', 'much', 'better']"
MTR,Sudhama Nagar,well one of the most legendary and renowned south indian restaurants in bengaluru mtr,5.0,"['well', 'one', 'legendary', 'renowned', 'south', 'indian', 'restaurant', 'bengaluru', 'mtr']"
MTR,Sudhama Nagar,a good place to have south indian tiffin must try ghee roast masala dosa,5.0,"['good', 'place', 'south', 'indian', 'tiffin', 'must', 'try', 'ghee', 'roast', 'masala', 'dosa']"
MTR,Sudhama Nagar,taste wise awesome for breakfast visit before 900 am,4.0,"['taste', 'wise', 'awesome', 'breakfast', 'visit', '900']"
MTR,Sudhama Nagar,this would be probably one of thr best south indian place i have been,5.0,"['would', 'probably', 'one', 'thr', 'best', 'south', 'indian', 'place']"
MTR,Sudhama Nagar,i solely love the place whenever i visit here for the taste that it has to provide,5.0,"['solely', 'love', 'place', 'whenever', 'visit', 'taste', 'provide']"
MTR,Sudhama Nagar,if you like fine dining places this place is not for you this place is more like a dining place where you might need to wait in a long queue but the wait is worth it,4.0,"['like', 'fine', 'dining', 'place', 'place', 'place', 'like', 'dining', 'place', 'might', 'need', 'wait', 'long', 'queue', 'wait', 'worth']"
MTR,Sudhama Nagar,quick service great ambiance and a place kept neat and clean,5.0,"['quick', 'service', 'great', 'ambiance', 'place', 'kept', 'neat', 'clean']"
MTR,Sudhama Nagar,absolutely the most bangaloreesque bangalore restaurant that comes to mind when you want that delicious bangalore food,5.0,"['absolutely', 'bangaloreesque', 'bangalore', 'restaurant', 'come', 'mind', 'want', 'delicious', 'bangalore', 'food']"
MTR,Sudhama Nagar,this is the place in bangalore to enjoy awesome traditional south indian snacks prepared and served in hygiene conditions,5.0,"['place', 'bangalore', 'enjoy', 'awesome', 'traditional', 'south', 'indian', 'snack', 'prepared', 'served', 'hygiene', 'condition']"
MTR,Sudhama Nagar,the ogundoubtedly one of the best dosas you can get in bangalorebear with the crowd if going on a weekend,5.0,"['ogundoubtedly', 'one', 'best', 'dosas', 'get', 'bangalorebear', 'crowd', 'going', 'weekend']"
MTR,Sudhama Nagar,breakfast in this joint is always like a must do thing if you are planning for a holiday in bangalore taste at its best,5.0,"['breakfast', 'joint', 'always', 'like', 'must', 'thing', 'planning', 'holiday', 'bangalore', 'taste', 'best']"
MTR,Sudhama Nagar,amazing place to visithad a memorable and delicious breakfast the environment in here is little crowded but its really worth,5.0,"['amazing', 'place', 'visithad', 'memorable', 'delicious', 'breakfast', 'environment', 'little', 'crowded', 'really', 'worth']"
MTR,Sudhama Nagar,breakfast is great but i have had it a lot of times and its quite similar in the city with each of their tweaks lunch was a first for me and its was a huge lunch,4.0,"['breakfast', 'great', 'lot', 'time', 'quite', 'similar', 'city', 'tweak', 'lunch', 'first', 'huge', 'lunch']"
MTR,Sudhama Nagar,the food was excellent and the service was decently good but the place is too crowded,5.0,"['food', 'excellent', 'service', 'decently', 'good', 'place', 'crowded']"
MTR,Sudhama Nagar,mtr lunch home is one of the og places you have to stop by,5.0,"['mtr', 'lunch', 'home', 'one', 'og', 'place', 'stop']"
MTR,Sudhama Nagar,amazing south indian taste with all classic feel enjoyed the masala dosa here the thing that i liked is dosa layer was thick but still properly bakedcooked,5.0,"['amazing', 'south', 'indian', 'taste', 'classic', 'feel', 'enjoyed', 'masala', 'dosa', 'thing', 'liked', 'dosa', 'layer', 'thick', 'still', 'properly', 'bakedcooked']"
MTR,Sudhama Nagar,delectable filling breakfast of rava idli masala dosa with a rich smear of pure ghee very yummy,5.0,"['delectable', 'filling', 'breakfast', 'rava', 'idli', 'masala', 'dosa', 'rich', 'smear', 'pure', 'ghee', 'yummy']"
MTR,Sudhama Nagar,no need for publicity mtr is world famous little expensive now but no one cares as getting a seat is important none to match,5.0,"['need', 'publicity', 'mtr', 'world', 'famous', 'little', 'expensive', 'one', 'care', 'getting', 'seat', 'important', 'none', 'match']"
MTR,Sudhama Nagar,mavalli tiffin rooms is quiet synonymous with authentic home style karnataka food that is available in bangalore,4.0,"['mavalli', 'tiffin', 'room', 'quiet', 'synonymous', 'authentic', 'home', 'style', 'karnataka', 'food', 'available', 'bangalore']"
MTR,Sudhama Nagar,excellent service impeccable quality undeniable quantity make sure you check the timings before going as lunch starts at 1230,5.0,"['excellent', 'service', 'impeccable', 'quality', 'undeniable', 'quantity', 'make', 'sure', 'check', 'timing', 'going', 'lunch', 'start', '1230']"
Truffles,"Koramangala,Bengaluru",had a wonderful experience at truffles,5.0,"['wonderful', 'experience', 'truffle']"
Truffles,"Koramangala,Bengaluru",truffles naver disappoints,5.0,"['truffle', 'naver', 'disappoints']"
Truffles,"Koramangala,Bengaluru",visited truffles for lunvh with friends and had a great experience,5.0,"['visited', 'truffle', 'lunvh', 'friend', 'great', 'experience']"
Truffles,"Koramangala,Bengaluru",i really loved the fish n chipsit is my favourite,4.0,"['really', 'loved', 'fish', 'n', 'chipsit', 'favourite']"
Truffles,"Koramangala,Bengaluru",absolutely loved the food and ambience the tacos were super,5.0,"['absolutely', 'loved', 'food', 'ambience', 'taco', 'super']"
Truffles,"Koramangala,Bengaluru",had an amazing time with trufflesthe ambience was super cozy,5.0,"['amazing', 'time', 'trufflesthe', 'ambience', 'super', 'cozy']"
Truffles,"Koramangala,Bengaluru",the american burger and rooster burger tasted really good,3.0,"['american', 'burger', 'rooster', 'burger', 'tasted', 'really', 'good']"
Truffles,"Koramangala,Bengaluru",truffles is the most go to place for lunch in koramangala,5.0,"['truffle', 'go', 'place', 'lunch', 'koramangala']"
Truffles,"Koramangala,Bengaluru",truffles in koramangala is a classic for a reasontheir burgers are,4.0,"['truffle', 'koramangala', 'classic', 'reasontheir', 'burger']"
Truffles,"Koramangala,Bengaluru",overallnice place to visit,4.0,"['overallnice', 'place', 'visit']"
Truffles,"Koramangala,Bengaluru",always buzzingspecially on weekendsexpect long wait times,4.0,"['always', 'buzzingspecially', 'weekendsexpect', 'long', 'wait', 'time']"
Truffles,"Koramangala,Bengaluru",a perfect spot for delicious food without hurting your wallet,5.0,"['perfect', 'spot', 'delicious', 'food', 'without', 'hurting', 'wallet']"
Truffles,"Koramangala,Bengaluru",recommendedvery polite and ethical management,5.0,"['recommendedvery', 'polite', 'ethical', 'management']"
Truffles,"Koramangala,Bengaluru",servicequite promptatmospherequite comfortable,3.0,"['servicequite', 'promptatmospherequite', 'comfortable']"
Truffles,"Koramangala,Bengaluru",like that it is upgraded so much to become so spacious,4.0,"['like', 'upgraded', 'much', 'become', 'spacious']"
Truffles,"Koramangala,Bengaluru",loved the food and it is quite well managed or the amount of,5.0,"['loved', 'food', 'quite', 'well', 'managed', 'amount']"
Truffles,"Koramangala,Bengaluru",absolutely loved the experiemce at truffles koramanagala,4.0,"['absolutely', 'loved', 'experiemce', 'truffle', 'koramanagala']"
Truffles,"Koramangala,Bengaluru",the place is always too crowdy whenever i visit there,4.0,"['place', 'always', 'crowdy', 'whenever', 'visit']"
Truffles,"Koramangala,Bengaluru",very good service,4.0,"['good', 'service']"
Truffles,"Koramangala,Bengaluru",ambience and service is great,3.0,"['ambience', 'service', 'great']"
Truffles,"Koramangala,Bengaluru",the hype is real we will visit again definitely,5.0,"['hype', 'real', 'visit', 'definitely']"
Truffles,"Koramangala,Bengaluru",the place is in a really prime location but the food is not too,4.0,"['place', 'really', 'prime', 'location', 'food']"
Truffles,"Koramangala,Bengaluru",truffles is agreat spot if you are craving indulgent comfort food,5.0,"['truffle', 'agreat', 'spot', 'craving', 'indulgent', 'comfort', 'food']"
Truffles,"Koramangala,Bengaluru",the service was incredibly fast and the staff was polite and,5.0,"['service', 'incredibly', 'fast', 'staff', 'polite']"
Truffles,"Koramangala,Bengaluru",amazing taste and servicesa must try place,4.0,"['amazing', 'taste', 'servicesa', 'must', 'try', 'place']"
Truffles,"Koramangala,Bengaluru",i visited truffles koramangala and absolutely loved the vibe,5.0,"['visited', 'truffle', 'koramangala', 'absolutely', 'loved', 'vibe']"
Truffles,"Koramangala,Bengaluru",this continental caf stands out for its affordable prices and wide,5.0,"['continental', 'caf', 'stand', 'affordable', 'price', 'wide']"
Truffles,"Koramangala,Bengaluru",delicious food and polite staffsmust try all veg american cheese,5.0,"['delicious', 'food', 'polite', 'staffsmust', 'try', 'veg', 'american', 'cheese']"
Truffles,"Koramangala,Bengaluru",truffles is a great place to visitwhether you are hungry or just in,4.0,"['truffle', 'great', 'place', 'visitwhether', 'hungry']"
Truffles,"Koramangala,Bengaluru",very well maintained park in the locality and it is perfect for,5.0,"['well', 'maintained', 'park', 'locality', 'perfect']"
Truffles,"Koramangala,Bengaluru",despite the crowd nd a slight delay in the service the experience,5.0,"['despite', 'crowd', 'nd', 'slight', 'delay', 'service', 'experience']"
Truffles,"Koramangala,Bengaluru",we recently visited and they gave us a complimentary mango,5.0,"['recently', 'visited', 'gave', 'u', 'complimentary', 'mango']"
Truffles,"Koramangala,Bengaluru",good burgerstried their new dishes and loved it all,5.0,"['good', 'burgerstried', 'new', 'dish', 'loved']"
Truffles,"Koramangala,Bengaluru",if you love cheesethen this might be the best plac for ypur taste,4.0,"['love', 'cheesethen', 'might', 'best', 'plac', 'ypur', 'taste']"
Truffles,"Koramangala,Bengaluru",one among the best cafe to hangout with friends and cousins,5.0,"['one', 'among', 'best', 'cafe', 'hangout', 'friend', 'cousin']"
Truffles,"Koramangala,Bengaluru",i tried chicken hotty burger here and it tasted really good,5.0,"['tried', 'chicken', 'hotty', 'burger', 'tasted', 'really', 'good']"
Truffles,"Koramangala,Bengaluru",whenever i am confused about where to eattruffles is my,5.0,"['whenever', 'confused', 'eattruffles']"
Truffles,"Koramangal,Bengaluru",thia place is very famous in this area for its affordability with the,4.0,"['thia', 'place', 'famous', 'area', 'affordability']"
Truffles,"Koramangala,Bengaluru",the food tastes really good and there is no doubt about it and it,5.0,"['food', 'taste', 'really', 'good', 'doubt']"
Truffles,"Koramangala,Bengaluru",this place is just overhyped and the food tastes below average,2.0,"['place', 'overhyped', 'food', 'taste', 'average']"
Truffles,"Koramangala,Bengaluru",here everything is served fresh nd the food is absolutely delicious,5.0,"['everything', 'served', 'fresh', 'nd', 'food', 'absolutely', 'delicious']"
Truffles,"Koramangala,Bengaluru",i became afan after the firt bite of american cheese burgera must,4.0,"['became', 'afan', 'firt', 'bite', 'american', 'cheese', 'burgera', 'must']"
Truffles,"Koramangala,Bengaluru",fantastic quality food,5.0,"['fantastic', 'quality', 'food']"
Truffles,"Koramangala,Bengaluru",i have been to truffles a few times and it has never disappointed,5.0,"['truffle', 'time', 'never', 'disappointed']"
Truffles,"Koramangala,Bengaluru",this place sets a fine equilibrium between the quality of meals and,5.0,"['place', 'set', 'fine', 'equilibrium', 'quality', 'meal']"
Truffles,"Koramangala,Bengaluru",truffles has always been that place thats perfect for brunch,5.0,"['truffle', 'always', 'place', 'thats', 'perfect', 'brunch']"
Truffles,"Koramangala,Bengaluru",heard a lot about this place but it didnt live up to the hype for me,3.0,"['heard', 'lot', 'place', 'didnt', 'live', 'hype']"
Truffles,"Koramangala,Bengaluru",good servicefood quality was good as welldelivery time was,4.0,"['good', 'servicefood', 'quality', 'good', 'welldelivery', 'time']"
Truffles,"Koramangala,Bengaluru",quality of burger is excelent and decent place to chill,5.0,"['quality', 'burger', 'excelent', 'decent', 'place', 'chill']"
Truffles,"Koramangala,Bengaluru",the apple pie was really bad the burgerspasta and desserts were,3.0,"['apple', 'pie', 'really', 'bad', 'burgerspasta', 'dessert']"
Truffles,"Koramangala,Bengaluru",truffles has never disappointed us when it comes to comfort food,5.0,"['truffle', 'never', 'disappointed', 'u', 'come', 'comfort', 'food']"
Truffles,"Koramangala,Bengaluru",one of the best burger i have ever eaten in indialoved it,4.0,"['one', 'best', 'burger', 'ever', 'eaten', 'indialoved']"
Truffles,"Koramangala,Bengaluru",no comments or picture requiredits top notch,5.0,"['comment', 'picture', 'requiredits', 'top', 'notch']"
Truffles,"Koramangala,Bengaluru",their portions are hugeit is a paradise for meat lovers and,4.0,"['portion', 'hugeit', 'paradise', 'meat', 'lover']"
Truffles,"Koramangala,Bengaluru",this place is excelent and well situated in a place where there is,4.0,"['place', 'excelent', 'well', 'situated', 'place']"
Truffles,"Koramangala,Bengaluru",visited truffleskoramangala for lunch and honestly had a really,5.0,"['visited', 'truffleskoramangala', 'lunch', 'honestly', 'really']"
Truffles,"Koramangala,Bengaluru",i recently visited truffles in koramangala for the first time and,5.0,"['recently', 'visited', 'truffle', 'koramangala', 'first', 'time']"
Empire restaurant,"Koramangala,Bengaluru",i must say empire hotel placed at koramangala location is more than the expectation their rooms are very cleaned and well maintained supportive staff and highly attentive front office managers,4.0,"['must', 'say', 'empire', 'hotel', 'placed', 'koramangala', 'location', 'expectation', 'room', 'cleaned', 'well', 'maintained', 'supportive', 'staff', 'highly', 'attentive', 'front', 'office', 'manager']"
Empire restaurant,"Koramangala,Bengaluru",visited empire restaurant in koramangala and ordered their chicken biryani the experience was quite underwhelming,2.0,"['visited', 'empire', 'restaurant', 'koramangala', 'ordered', 'chicken', 'biryani', 'experience', 'quite', 'underwhelming']"
Empire restaurant,"Koramangala,Bengaluru",food was tasty mainly their butter chicken and grill chicken they have many variety of parota malabar parotta is my favourite,5.0,"['food', 'tasty', 'mainly', 'butter', 'chicken', 'grill', 'chicken', 'many', 'variety', 'parota', 'malabar', 'parotta', 'favourite']"
Empire restaurant,"Koramangala,Bengaluru",food tastes really good the prices are very reasonable and the portion sizes are satisfying,4.0,"['food', 'taste', 'really', 'good', 'price', 'reasonable', 'portion', 'size', 'satisfying']"
Empire restaurant,"Koramangala,Bengaluru",honestly the service at empire was really bad and pathetic i walked in and waited almost 15 minutes just to get a menu but nobody even bothered,1.0,"['honestly', 'service', 'empire', 'really', 'bad', 'pathetic', 'walked', 'waited', 'almost', '15', 'minute', 'get', 'menu', 'nobody', 'even', 'bothered']"
Empire restaurant,"Koramangala,Bengaluru",we visited empire restaurant during our trip from chennai based on the positive reviews while the food itself was good the overall experience was disappointing,1.0,"['visited', 'empire', 'restaurant', 'trip', 'chennai', 'based', 'positive', 'review', 'food', 'good', 'overall', 'experience', 'disappointing']"
Empire restaurant,"Koramangala,Bengaluru",best for nighr cravings spoti had a good experience here overall the food was tasty and the service was attentive,4.0,"['best', 'nighr', 'craving', 'spoti', 'good', 'experience', 'overall', 'food', 'tasty', 'service', 'attentive']"
Empire restaurant,"Koramangala,Bengaluru",very disappointed with my experience at empire koramangala the biryani tasted very bad and the food quality was poor the service was extremely slow,1.0,"['disappointed', 'experience', 'empire', 'koramangala', 'biryani', 'tasted', 'bad', 'food', 'quality', 'poor', 'service', 'extremely', 'slow']"
Empire restaurant,"Koramangala,Bengaluru",had a great time here food and service was great the ambiance was very satisfying,5.0,"['great', 'time', 'food', 'service', 'great', 'ambiance', 'satisfying']"
Empire restaurant,"Koramangala,Bengaluru",yesterday i have visited with friends for dinner we ordered food like grill chicken butter chicken when we tasted the grill chicken its taste is terrible,2.0,"['yesterday', 'visited', 'friend', 'dinner', 'ordered', 'food', 'like', 'grill', 'chicken', 'butter', 'chicken', 'tasted', 'grill', 'chicken', 'taste', 'terrible']"
Empire restaurant,"Koramangala,Bengaluru",good service and food quality also vey nice and great hospitality,5.0,"['good', 'service', 'food', 'quality', 'also', 'vey', 'nice', 'great', 'hospitality']"
Empire restaurant,"Koramangala,Bengaluru",had a great experience madhav was always around the corner for us had a great time,5.0,"['great', 'experience', 'madhav', 'always', 'around', 'corner', 'u', 'great', 'time']"
Empire restaurant,"Koramangala,Bengaluru",had a good time here great food and good service as well,5.0,"['good', 'time', 'great', 'food', 'good', 'service', 'well']"
Empire restaurant,"Koramangala,Bengaluru",wonderful service nabam lama very tasty food quality thank you,5.0,"['wonderful', 'service', 'nabam', 'lama', 'tasty', 'food', 'quality', 'thank']"
Empire restaurant,"Koramangala,Bengaluru",worst chicken rice just 4 small piece maximum 50 grams only taste also worsth,2.0,"['worst', 'chicken', 'rice', '4', 'small', 'piece', 'maximum', '50', 'gram', 'taste', 'also', 'worsth']"
Empire restaurant,"Koramangala,Bengaluru",worst biryani experience ever complete waste of money,1.0,"['worst', 'biryani', 'experience', 'ever', 'complete', 'waste', 'money']"
Empire restaurant,"Koramangala,Bengaluru",the food taste was okay and the atmosphere was also fine but the service at this koramangala branch is the worst i have ever experienced,2.0,"['food', 'taste', 'okay', 'atmosphere', 'also', 'fine', 'service', 'koramangala', 'branch', 'worst', 'ever', 'experienced']"
Empire restaurant,"Koramangala,Bengaluru",the food was good but the service was very poor the server and the person who took order was rude,1.0,"['food', 'good', 'service', 'poor', 'server', 'person', 'took', 'order', 'rude']"
Empire restaurant,"Koramangala,Bengaluru",nice restaurant with great varieties service is superb thanks to captain bimal it was wonderful experience having lunch at the place,5.0,"['nice', 'restaurant', 'great', 'variety', 'service', 'superb', 'thanks', 'captain', 'bimal', 'wonderful', 'experience', 'lunch', 'place']"
Empire restaurant,"Koramangala,Bengaluru",fantastic hospitality navam lama and tak ki very tasty butter chicken and parota and roti thank you,5.0,"['fantastic', 'hospitality', 'navam', 'lama', 'tak', 'ki', 'tasty', 'butter', 'chicken', 'parota', 'roti', 'thank']"
Empire restaurant,"Koramangala,Bengaluru",i really liked the empire restaurant ambiance and food i enjoyed grill chicken along with mutton biryani,5.0,"['really', 'liked', 'empire', 'restaurant', 'ambiance', 'food', 'enjoyed', 'grill', 'chicken', 'along', 'mutton', 'biryani']"
Empire restaurant,"Koramangala,Bengaluru",had a wonderful dining experience here the coin parota with chicken kurma was soft flaky and perfectly paired with a rich flavorful kurma,5.0,"['wonderful', 'dining', 'experience', 'coin', 'parota', 'chicken', 'kurma', 'soft', 'flaky', 'perfectly', 'paired', 'rich', 'flavorful', 'kurma']"
Empire restaurant,"Koramangala,Bengaluru",this place is very nice but the service is bit low they take a lot of time to get food for usoverall the food is good and the place is excellent,4.0,"['place', 'nice', 'service', 'bit', 'low', 'take', 'lot', 'time', 'get', 'food', 'usoverall', 'food', 'good', 'place', 'excellent']"
Empire restaurant,"Koramangala,Bengaluru",service and hospitality super and food quality also vey nice and by nitesh captain great guys,5.0,"['service', 'hospitality', 'super', 'food', 'quality', 'also', 'vey', 'nice', 'nitesh', 'captain', 'great', 'guy']"
Empire restaurant,"Koramangala,Bengaluru",i had a very disappointing experience at empire restaurant in koramangala the food quality was far below expectations the starters were oily and poorly prepared,1.0,"['disappointing', 'experience', 'empire', 'restaurant', 'koramangala', 'food', 'quality', 'far', 'expectation', 'starter', 'oily', 'poorly', 'prepared']"
Empire restaurant,"Koramangala,Bengaluru",the food too good mohammad yasir really served us nicely the service is good can be improved more nicely food great taste must visit place,5.0,"['food', 'good', 'mohammad', 'yasir', 'really', 'served', 'u', 'nicely', 'service', 'good', 'improved', 'nicely', 'food', 'great', 'taste', 'must', 'visit', 'place']"
Empire restaurant,"Koramangala,Bengaluru",service very nice and food also tasty and most important great hospitality by nitesh visit again soon,4.0,"['service', 'nice', 'food', 'also', 'tasty', 'important', 'great', 'hospitality', 'nitesh', 'visit', 'soon']"
Empire restaurant,"Koramangala,Bengaluru",had dinner with my family not even impressed with the food here the starters are ok tried fish not even cooked properly its a bit raw smelly,2.0,"['dinner', 'family', 'even', 'impressed', 'food', 'starter', 'ok', 'tried', 'fish', 'even', 'cooked', 'properly', 'bit', 'raw', 'smelly']"
Empire restaurant,"Koramangala,Bengaluru",fantastic service anish khan nabam lama beautiful place tasty food thank you,5.0,"['fantastic', 'service', 'anish', 'khan', 'nabam', 'lama', 'beautiful', 'place', 'tasty', 'food', 'thank']"
Empire restaurant,"Koramangala,Bengaluru",for someone who doesnt like fish the crispy fish fry stole my heart couldnt stop myself devouring these minutes overall the every delicacy here is topknot,5.0,"['someone', 'doesnt', 'like', 'fish', 'crispy', 'fish', 'fry', 'stole', 'heart', 'couldnt', 'stop', 'devouring', 'minute', 'overall', 'every', 'delicacy', 'topknot']"
Empire restaurant,"Koramangala,Bengaluru",this restaurant has some interesting and a variety of options and most of the food tasted good i would recommend trying their mutton keema dosa,4.0,"['restaurant', 'interesting', 'variety', 'option', 'food', 'tasted', 'good', 'would', 'recommend', 'trying', 'mutton', 'keema', 'dosa']"
Empire restaurant,"Koramangala,Bengaluru",it was really good service from the staffs at restaurant good customer service very hygiene and friendly budget,5.0,"['really', 'good', 'service', 'staff', 'restaurant', 'good', 'customer', 'service', 'hygiene', 'friendly', 'budget']"
Empire restaurant,"Koramangala,Bengaluru",food was excellent with good taste and quality displayed video of kitchen to ensure hygiene and food operation happening in kitchen,4.0,"['food', 'excellent', 'good', 'taste', 'quality', 'displayed', 'video', 'kitchen', 'ensure', 'hygiene', 'food', 'operation', 'happening', 'kitchen']"
Empire restaurant,"Koramangala,Bengaluru",the food was very worth it all the staff were very cooperative and their hospitality was very good especially anish and suresh from the staff were very humble,5.0,"['food', 'worth', 'staff', 'cooperative', 'hospitality', 'good', 'especially', 'anish', 'suresh', 'staff', 'humble']"
Empire restaurant,"Koramangala,Bengaluru",well i loved the dishes that i ordered heretaste was superb but what they need to focus on more is their staff members,4.0,"['well', 'loved', 'dish', 'ordered', 'heretaste', 'superb', 'need', 'focus', 'staff', 'member']"
Empire restaurant,"Koramangala,Bengaluru",worst staff service got my order wrong 4 times they say food is freshly prepared but when it comes to your table it will be stale and cold,1.0,"['worst', 'staff', 'service', 'got', 'order', 'wrong', '4', 'time', 'say', 'food', 'freshly', 'prepared', 'come', 'table', 'stale', 'cold']"
Empire restaurant,"Koramangala,Bengaluru",food taste is ok compared to other restaurants in the street the item prices are less staff strength is phenomenal service is also at rapid rate,4.0,"['food', 'taste', 'ok', 'compared', 'restaurant', 'street', 'item', 'price', 'less', 'staff', 'strength', 'phenomenal', 'service', 'also', 'rapid', 'rate']"
Empire restaurant,"Koramangala,Bengaluru",i visited today at empire kormangala i had ordered biryani and kabab and some desert i enjoyed that the food was very testy and special thanks for shantanu he was very polite,5.0,"['visited', 'today', 'empire', 'kormangala', 'ordered', 'biryani', 'kabab', 'desert', 'enjoyed', 'food', 'testy', 'special', 'thanks', 'shantanu', 'polite']"
Empire restaurant,"Koramangala,Bengaluru",the food here is absolutely delicious the staff is incredibly friendly and welcoming making it a wonderful place to dine,5.0,"['food', 'absolutely', 'delicious', 'staff', 'incredibly', 'friendly', 'welcoming', 'making', 'wonderful', 'place', 'dine']"
Empire restaurant,"Koramangala,Bengaluru",the food is very average here chicken curry kebabs all taste the same i wouldnt recommend,2.0,"['food', 'average', 'chicken', 'curry', 'kebab', 'taste', 'wouldnt', 'recommend']"
Empire restaurant,"Koramangala,Bengaluru",excellent food ambience and services theres a separate party hall we were 50 people in a group very convenient,5.0,"['excellent', 'food', 'ambience', 'service', 'there', 'separate', 'party', 'hall', '50', 'people', 'group', 'convenient']"
Empire restaurant,"Koramangala,Bengaluru",the service is good but slow compared to other branches the atmosphere is good too but the food theirs space for it to be better,4.0,"['service', 'good', 'slow', 'compared', 'branch', 'atmosphere', 'good', 'food', 'space', 'better']"
Empire restaurant,"Koramangala,Bengaluru",grill chicken mutton biryani is must to try locationfoodambience is perfect but the staff is a bit unprofessional there is a bit of a hustle with the parking,4.0,"['grill', 'chicken', 'mutton', 'biryani', 'must', 'try', 'locationfoodambience', 'perfect', 'staff', 'bit', 'unprofessional', 'bit', 'hustle', 'parking']"
Empire restaurant,"Koramangala,Bengaluru",nice ambiance and good location,4.0,"['nice', 'ambiance', 'good', 'location']"
Empire restaurant,"Koramangala,Bengaluru",bloody road side street food is better than this dal is fully watery and for alfham nothing they have given what should i have now its my birthday today night this guys made my day bad,1.0,"['bloody', 'road', 'side', 'street', 'food', 'better', 'dal', 'fully', 'watery', 'alfham', 'nothing', 'given', 'birthday', 'today', 'night', 'guy', 'made', 'day', 'bad']"
Empire restaurant,"Koramangala,Bengaluru",i have a very mixed feeling about this place service is not so systematic as starters and main courses will be served at once after a long wait,3.0,"['mixed', 'feeling', 'place', 'service', 'systematic', 'starter', 'main', 'course', 'served', 'long', 'wait']"
Empire restaurant,"Koramangala,Bengaluru",worst service waiter feels he is giving free food the sick attitude of staffs,1.0,"['worst', 'service', 'waiter', 'feel', 'giving', 'free', 'food', 'sick', 'attitude', 'staff']"
Empire restaurant,"Koramangala,Bengaluru",no value for price for 500 it was just bones no spices poor taste,1.0,"['value', 'price', '500', 'bone', 'spice', 'poor', 'taste']"
Empire restaurant,"Koramangala,Bengaluru",the chicken boneless biriyani was good and especially the tawa shawarma was great sandeep served us really well overall it was a good experience,5.0,"['chicken', 'boneless', 'biriyani', 'good', 'especially', 'tawa', 'shawarma', 'great', 'sandeep', 'served', 'u', 'really', 'well', 'overall', 'good', 'experience']"
Empire restaurant,"Koramangala,Bengaluru",great food and amazing experience mr lambu offered great service and created a very hospitable environment for us,5.0,"['great', 'food', 'amazing', 'experience', 'mr', 'lambu', 'offered', 'great', 'service', 'created', 'hospitable', 'environment', 'u']"
Empire restaurant,"Koramangala,Bengaluru",terrible experience with the place the place is quite famous in koramangala but i could not figure out why,2.0,"['terrible', 'experience', 'place', 'place', 'quite', 'famous', 'koramangala', 'could', 'figure']"
Empire restaurant,"Koramangala,Bengaluru",excellent service lambu and nabam very tasty food quality and beautiful place tq,5.0,"['excellent', 'service', 'lambu', 'nabam', 'tasty', 'food', 'quality', 'beautiful', 'place', 'tq']"
Empire restaurant,"Koramangala,Bengaluru",ambiance and location of the restaurant is very good food need to be more tasty as per my opinion,2.0,"['ambiance', 'location', 'restaurant', 'good', 'food', 'need', 'tasty', 'per', 'opinion']"
Empire restaurant,"Koramangala,Bengaluru",food was excellent service is adequate do not expect to be quick even if there is no one in the restaurant must try paneer tikka masala and butter naan,5.0,"['food', 'excellent', 'service', 'adequate', 'expect', 'quick', 'even', 'one', 'restaurant', 'must', 'try', 'paneer', 'tikka', 'masala', 'butter', 'naan']"
Empire restaurant,"Koramangala,Bengaluru",service was very nice and food also tasty mostly hospitallity wonderful good team works also empire restaurant always my favourite restaurant in banglore,5.0,"['service', 'nice', 'food', 'also', 'tasty', 'mostly', 'hospitallity', 'wonderful', 'good', 'team', 'work', 'also', 'empire', 'restaurant', 'always', 'favourite', 'restaurant', 'banglore']"
Empire restaurant,"Koramangala,Bengaluru",in my experience empire restaurant having fresh food and good tasty as well as good service and good behaviour and also clean place the ambiance is great,5.0,"['experience', 'empire', 'restaurant', 'fresh', 'food', 'good', 'tasty', 'well', 'good', 'service', 'good', 'behaviour', 'also', 'clean', 'place', 'ambiance', 'great']"
Empire restaurant,"Koramangala,Bengaluru",very big restaurant with experienced staff modernday look but not over the top prices of stuff loads of food options to choose from,3.0,"['big', 'restaurant', 'experienced', 'staff', 'modernday', 'look', 'top', 'price', 'stuff', 'load', 'food', 'option', 'choose']"
Empire restaurant,"Koramangala,Bengaluru",the food was so good and tasty and even the teh service was also good the guy shantanu gave very good service,5.0,"['food', 'good', 'tasty', 'even', 'teh', 'service', 'also', 'good', 'guy', 'shantanu', 'gave', 'good', 'service']"
Empire restaurant,"Koramangala,Bengaluru",wow service and food quality quantity also good testy amazing,5.0,"['wow', 'service', 'food', 'quality', 'quantity', 'also', 'good', 'testy', 'amazing']"
Empire restaurant,"Koramangala,Bengaluru",empire offers some really amazing mouth watering kebabs tandoori dishes and chicken biryani the best part is that the restaurant remains open till 330 am,4.0,"['empire', 'offer', 'really', 'amazing', 'mouth', 'watering', 'kebab', 'tandoori', 'dish', 'chicken', 'biryani', 'best', 'part', 'restaurant', 'remains', 'open', 'till', '330']"
Meghana foods,"Indira nagar,Bengaluru",had a wonderful dining experience at meghana foods the meghana special biryani was absolutely deliciousperfectly cooked flavorful and generously portioned,5.0,"['wonderful', 'dining', 'experience', 'meghana', 'food', 'meghana', 'special', 'biryani', 'absolutely', 'deliciousperfectly', 'cooked', 'flavorful', 'generously', 'portioned']"
Meghana foods,"Indira nagar,Bengaluru",best chicken biryani without doubts very well know by the locals and flagship,5.0,"['best', 'chicken', 'biryani', 'without', 'doubt', 'well', 'know', 'local', 'flagship']"
Meghana foods,"Indira nagar,Bengaluru",visited meghana foods during my bangalore trip and honestly i havent had a biryani this good in a long time the flavors were spot on the rice was perfectly cooked,5.0,"['visited', 'meghana', 'food', 'bangalore', 'trip', 'honestly', 'havent', 'biryani', 'good', 'long', 'time', 'flavor', 'spot', 'rice', 'perfectly', 'cooked']"
Meghana foods,"Indira nagar,Bengaluru",we tried the meghna special boneless chicken biryani very tasty flavorful and served in generous portions one plate is enough for two people,5.0,"['tried', 'meghna', 'special', 'boneless', 'chicken', 'biryani', 'tasty', 'flavorful', 'served', 'generous', 'portion', 'one', 'plate', 'enough', 'two', 'people']"
Meghana foods,"Indira nagar,Bengaluru",meghana foods never disappoints we tried the nonveg special and veg special biryani and both were super in taste,5.0,"['meghana', 'food', 'never', 'disappoints', 'tried', 'nonveg', 'special', 'veg', 'special', 'biryani', 'super', 'taste']"
Meghana foods,"Indira nagar,Bengaluru",i tried meghana special biryani for the first time yesterday for lunch at their indiranagar restaurant the taste was outstanding i still cant forget the first bite,5.0,"['tried', 'meghana', 'special', 'biryani', 'first', 'time', 'yesterday', 'lunch', 'indiranagar', 'restaurant', 'taste', 'outstanding', 'still', 'cant', 'forget', 'first', 'bite']"
Meghana foods,"Indira nagar,Bengaluru",honestly i have eaten from meghana for a very long time but this time im disappointed the taste is nothing like it used to be,3.0,"['honestly', 'eaten', 'meghana', 'long', 'time', 'time', 'im', 'disappointed', 'taste', 'nothing', 'like', 'used']"
Meghana foods,"Indira nagar,Bengaluru",best basmati rice based biryani spot in bengaluru the must try are paneer biryani in vegetarian and meghna special boneless chicken biryani,5.0,"['best', 'basmati', 'rice', 'based', 'biryani', 'spot', 'bengaluru', 'must', 'try', 'paneer', 'biryani', 'vegetarian', 'meghna', 'special', 'boneless', 'chicken', 'biryani']"
Meghana foods,"Indira nagar,Bengaluru",ordered two starters and two biryanis one veg and one nonveg both the biryanis were pretty mid definitely had much better biryani at a lot of other places,3.0,"['ordered', 'two', 'starter', 'two', 'biryani', 'one', 'veg', 'one', 'nonveg', 'biryani', 'pretty', 'mid', 'definitely', 'much', 'better', 'biryani', 'lot', 'place']"
Meghana foods,"Indira nagar,Bengaluru",without a doubt this is the best chicken biryani ive ever had a true local favorite and clearly the flagship dish,5.0,"['without', 'doubt', 'best', 'chicken', 'biryani', 'ive', 'ever', 'true', 'local', 'favorite', 'clearly', 'flagship', 'dish']"
Meghana foods,"Indira nagar,Bengaluru",another 5star experience at meghana foods and as usual the food was absolutely delicious the consistency here is unmatched,5.0,"['another', '5star', 'experience', 'meghana', 'food', 'usual', 'food', 'absolutely', 'delicious', 'consistency', 'unmatched']"
Meghana foods,"Indira nagar,Bengaluru",always the go biryani place whether its online order or go to dine in place chicken boneless biryani with guava chilli mocktail was the best combo ever,5.0,"['always', 'go', 'biryani', 'place', 'whether', 'online', 'order', 'go', 'dine', 'place', 'chicken', 'boneless', 'biryani', 'guava', 'chilli', 'mocktail', 'best', 'combo', 'ever']"
Meghana foods,"Indira nagar,Bengaluru",we tasted the hyped mutton biryani which was just average surprisingly chicken tandoori was good andhra style chilli chicken was good too,4.0,"['tasted', 'hyped', 'mutton', 'biryani', 'average', 'surprisingly', 'chicken', 'tandoori', 'good', 'andhra', 'style', 'chilli', 'chicken', 'good']"
Meghana foods,"Indira nagar,Bengaluru",the food quality in taste has really gone bad i had been to other outlets and biryani has always been nice and served with salad but this outlet rather was a nightmare,1.0,"['food', 'quality', 'taste', 'really', 'gone', 'bad', 'outlet', 'biryani', 'always', 'nice', 'served', 'salad', 'outlet', 'rather', 'nightmare']"
Meghana foods,"Indira nagar,Bengaluru",meghana foods indiranagar never disappoints did a takeaway and everything was packed well fresh and absolutely delicious,4.0,"['meghana', 'food', 'indiranagar', 'never', 'disappoints', 'takeaway', 'everything', 'packed', 'well', 'fresh', 'absolutely', 'delicious']"
Meghana foods,"Indira nagar,Bengaluru",i have tried every biryani in bengaluru and this one is my most favourite taste is ultimate quantity is 1 biryani serves 2,5.0,"['tried', 'every', 'biryani', 'bengaluru', 'one', 'favourite', 'taste', 'ultimate', 'quantity', '1', 'biryani', 'serf', '2']"
Meghana foods,"Indira nagar,Bengaluru",had a great meal at meghana foods indiranagar we ordered crispy baby corn chicken fry and meghana special chicken biryani the starters were delicious crispy and full of flavor,5.0,"['great', 'meal', 'meghana', 'food', 'indiranagar', 'ordered', 'crispy', 'baby', 'corn', 'chicken', 'fry', 'meghana', 'special', 'chicken', 'biryani', 'starter', 'delicious', 'crispy', 'full', 'flavor']"
Meghana foods,"Indira nagar,Bengaluru",delicious and flavorful biryani with perfectly cooked chicken consistently great taste and totally worth it,4.0,"['delicious', 'flavorful', 'biryani', 'perfectly', 'cooked', 'chicken', 'consistently', 'great', 'taste', 'totally', 'worth']"
Meghana foods,"Indira nagar,Bengaluru",meghans spl biryani was tasty and delicious to have and i liked the overall ambience there,5.0,"['meghans', 'spl', 'biryani', 'tasty', 'delicious', 'liked', 'overall', 'ambience']"
Meghana foods,"Indira nagar,Bengaluru",loved the paneer biriyani would take all my friends there next time just a request to not ruin the taste by thenthanks,5.0,"['loved', 'paneer', 'biriyani', 'would', 'take', 'friend', 'next', 'time', 'request', 'ruin', 'taste', 'thenthanks']"
Meghana foods,"Indira nagar,Bengaluru",had chicken and mutton biryani here a few days ago chicken biryani was delicious but mutton biryani was okok chicken biryani definitely stole the show for us,5.0,"['chicken', 'mutton', 'biryani', 'day', 'ago', 'chicken', 'biryani', 'delicious', 'mutton', 'biryani', 'okok', 'chicken', 'biryani', 'definitely', 'stole', 'show', 'u']"
Meghana foods,"Indira nagar,Bengaluru",extremely average place with sky high prices was my honest opinion about this place all the mutton dishes and briyanis are at 500 rupees mark which i found exorbitant,3.0,"['extremely', 'average', 'place', 'sky', 'high', 'price', 'honest', 'opinion', 'place', 'mutton', 'dish', 'briyanis', '500', 'rupee', 'mark', 'found', 'exorbitant']"
Meghana foods,"Indira nagar,Bengaluru",their biryani is simply mindblowing although its packed with people with wait time upto 15 mins the food is worth it would visit again to try their biryani,5.0,"['biryani', 'simply', 'mindblowing', 'although', 'packed', 'people', 'wait', 'time', 'upto', '15', 'min', 'food', 'worth', 'would', 'visit', 'try', 'biryani']"
Meghana foods,"Indira nagar,Bengaluru",the atmosphere was very vibrant and busy because of its popularity but crowd management is really superb by the waiters also the service is nice,5.0,"['atmosphere', 'vibrant', 'busy', 'popularity', 'crowd', 'management', 'really', 'superb', 'waiter', 'also', 'service', 'nice']"
Meghana foods,"Indira nagar,Bengaluru",this is probably one of the most best resutaraunts ive ever been to even though the wait for a seat was so long the food made up for every second of it,5.0,"['probably', 'one', 'best', 'resutaraunts', 'ive', 'ever', 'even', 'though', 'wait', 'seat', 'long', 'food', 'made', 'every', 'second']"
Meghana foods,"Indira nagar,Bengaluru",excellent service and a great dining experience we tried several dishes and were impressed overall the lemon chicken was absolutely delicious,4.0,"['excellent', 'service', 'great', 'dining', 'experience', 'tried', 'several', 'dish', 'impressed', 'overall', 'lemon', 'chicken', 'absolutely', 'delicious']"
Meghana foods,"Indira nagar,Bengaluru",love the food qualityits yummy had ordered paneer biryani,4.0,"['love', 'food', 'qualityits', 'yummy', 'ordered', 'paneer', 'biryani']"
Meghana foods,"Indira nagar,Bengaluru",visited to try their chicken boneless biryani it was indeed delicious quantity will be enough for two,5.0,"['visited', 'try', 'chicken', 'boneless', 'biryani', 'indeed', 'delicious', 'quantity', 'enough', 'two']"
Meghana foods,"Indira nagar,Bengaluru",meghana foods has been my regular spot whenever i visit bangalore their chicken biryani is a musttryflavorful and consistently good one of the best parts is their service,5.0,"['meghana', 'food', 'regular', 'spot', 'whenever', 'visit', 'bangalore', 'chicken', 'biryani', 'musttryflavorful', 'consistently', 'good', 'one', 'best', 'part', 'service']"
Meghana foods,"Indira nagar,Bengaluru",love meghanas what is there not to love this is my go to comfort biryani place whether it is dine in or take away the price and value for money is decent,4.0,"['love', 'meghanas', 'love', 'go', 'comfort', 'biryani', 'place', 'whether', 'dine', 'take', 'away', 'price', 'value', 'money', 'decent']"
Meghana foods,"Indira nagar,Bengaluru",i have visited here several times i had good experiences amazing biriyani though the place is small and will be crowded most of the peak times,4.0,"['visited', 'several', 'time', 'good', 'experience', 'amazing', 'biriyani', 'though', 'place', 'small', 'crowded', 'peak', 'time']"
Meghana foods,"Indira nagar,Bengaluru",absolutely loved it the quantity might be a bit too much for one person and the biryani i ordered had about 1215 pieces of chicken and the rice was aromatic and really flavourful,5.0,"['absolutely', 'loved', 'quantity', 'might', 'bit', 'much', 'one', 'person', 'biryani', 'ordered', '1215', 'piece', 'chicken', 'rice', 'aromatic', 'really', 'flavourful']"
Meghana foods,"Indira nagar,Bengaluru",absolutely loved it the quantity might be a bit too much for one person and the biryani i ordered had about 1215 pieces of chicken and the rice was aromatic and really flavourful,3.0,"['absolutely', 'loved', 'quantity', 'might', 'bit', 'much', 'one', 'person', 'biryani', 'ordered', '1215', 'piece', 'chicken', 'rice', 'aromatic', 'really', 'flavourful']"
Meghana foods,"Indira nagar,Bengaluru",visited meghana foods after a long time and it was a delightful experience the biryani has its signature flavorful taste rich aromatic and satisfying as always,4.0,"['visited', 'meghana', 'food', 'long', 'time', 'delightful', 'experience', 'biryani', 'signature', 'flavorful', 'taste', 'rich', 'aromatic', 'satisfying', 'always']"
Meghana foods,"Indira nagar,Bengaluru",i ordered chicken biryani mutton biryani and mutton roast the food arrived in less than 5 minutes even during rush hour really impressive,5.0,"['ordered', 'chicken', 'biryani', 'mutton', 'biryani', 'mutton', 'roast', 'food', 'arrived', 'less', '5', 'minute', 'even', 'rush', 'hour', 'really', 'impressive']"
Meghana foods,"Indira nagar,Bengaluru",checked out meghna biryani and completely understood what the hype is about i tried the special chicken biryani and prawns fry for starters,5.0,"['checked', 'meghna', 'biryani', 'completely', 'understood', 'hype', 'tried', 'special', 'chicken', 'biryani', 'prawn', 'fry', 'starter']"
Meghana foods,"Indira nagar,Bengaluru",meghana foods in indiranagar is a goto place if youre a biryani lover their andhrastyle biryani especially the boneless chicken biryani is packed with flavor,4.0,"['meghana', 'food', 'indiranagar', 'goto', 'place', 'youre', 'biryani', 'lover', 'andhrastyle', 'biryani', 'especially', 'boneless', 'chicken', 'biryani', 'packed', 'flavor']"
Meghana foods,"Indira nagar,Bengaluru",meghana foods indiranagar is a wonderful family restaurant and a very nice place to visit for dinner with family,4.0,"['meghana', 'food', 'indiranagar', 'wonderful', 'family', 'restaurant', 'nice', 'place', 'visit', 'dinner', 'family']"
Meghana foods,"Indira nagar,Bengaluru",disappointed with the flavors tried the biriyani and found it quite disappointing overly spicy but lacking real depth or taste,3.0,"['disappointed', 'flavor', 'tried', 'biriyani', 'found', 'quite', 'disappointing', 'overly', 'spicy', 'lacking', 'real', 'depth', 'taste']"
Meghana foods,"Indira nagar,Bengaluru",guntur chicken is the bestbiryanis are really tastytried pepper chicken also very well cookedservice is too good,4.0,"['guntur', 'chicken', 'bestbiryanis', 'really', 'tastytried', 'pepper', 'chicken', 'also', 'well', 'cookedservice', 'good']"
Meghana foods,"Indira nagar,Bengaluru",i love the mutton biryani at meghana ive tried it many times and its always consistent the ambience is average and the wash area is messy and usually crowded,4.0,"['love', 'mutton', 'biryani', 'meghana', 'ive', 'tried', 'many', 'time', 'always', 'consistent', 'ambience', 'average', 'wash', 'area', 'messy', 'usually', 'crowded']"
Meghana foods,"Indira nagar,Bengaluru",top 3 biryani places in blr for sure you cant go wrong with a boneless chicken biryani at meghana,4.0,"['top', '3', 'biryani', 'place', 'blr', 'sure', 'cant', 'go', 'wrong', 'boneless', 'chicken', 'biryani', 'meghana']"
Meghana foods,"Indira nagar,Bengaluru",iam from hyderabad but in this restaurant the boneless chicken biryani is same like hyderabad biryani i love it,5.0,"['iam', 'hyderabad', 'restaurant', 'boneless', 'chicken', 'biryani', 'like', 'hyderabad', 'biryani', 'love']"
Meghana foods,"Indira nagar,Bengaluru",excellent consistent taste and quality as usual the service staffs were very helpful but the ambience could have been better since it was under renovation,4.0,"['excellent', 'consistent', 'taste', 'quality', 'usual', 'service', 'staff', 'helpful', 'ambience', 'could', 'better', 'since', 'renovation']"
Meghana foods,"Indira nagar,Bengaluru",i am from chennai and this is the first time i visit this place in bangalore i really loved their food and service i ordered some of the dishes from todays special menu and it was really awesome,5.0,"['chennai', 'first', 'time', 'visit', 'place', 'bangalore', 'really', 'loved', 'food', 'service', 'ordered', 'dish', 'today', 'special', 'menu', 'really', 'awesome']"
Meghana foods,"Indira nagar,Bengaluru",i had an absolutely exceptional dining experience at meghana foods indira nagar,5.0,"['absolutely', 'exceptional', 'dining', 'experience', 'meghana', 'food', 'indira', 'nagar']"
Meghana foods,"Indira nagar,Bengaluru",love their meghana special chicken biryani very flavorful highly recommended,5.0,"['love', 'meghana', 'special', 'chicken', 'biryani', 'flavorful', 'highly', 'recommended']"
Meghana foods,"Indira nagar,Bengaluru",been to this place for lunch ordered meghana special boneless chicken biryani,4.0,"['place', 'lunch', 'ordered', 'meghana', 'special', 'boneless', 'chicken', 'biryani']"
Meghana foods,"Indira nagar,Bengaluru",very tasty biriyani quantity is much overall nice place for biryanis,4.0,"['tasty', 'biriyani', 'quantity', 'much', 'overall', 'nice', 'place', 'biryani']"
Meghana foods,"Indira nagar,Bengaluru",meghna foods is located in the prime location indiranagar valet parking availablefood is tasty and hygienic well behaved staff waiting time is bit high,4.0,"['meghna', 'food', 'located', 'prime', 'location', 'indiranagar', 'valet', 'parking', 'availablefood', 'tasty', 'hygienic', 'well', 'behaved', 'staff', 'waiting', 'time', 'bit', 'high']"
Meghana foods,"Indira nagar,Bengaluru",food is pretty average the rice was good just like a fragrant basmati rice you will get at many places they just top it off with some chilli chicken kind of thing,3.0,"['food', 'pretty', 'average', 'rice', 'good', 'like', 'fragrant', 'basmati', 'rice', 'get', 'many', 'place', 'top', 'chilli', 'chicken', 'kind', 'thing']"
Meghana foods,"Indira nagar,Bengaluru",i tried their boneless chicken biryani and it stood out for its balance rather than overwhelming spice the chicken was tender and wellmarinated,5.0,"['tried', 'boneless', 'chicken', 'biryani', 'stood', 'balance', 'rather', 'overwhelming', 'spice', 'chicken', 'tender', 'wellmarinated']"
Meghana foods,"Indira nagar,Bengaluru",meghanas biryani is so tasty i ate after 45 years and felt its so good there is no comparison of meghana biryani it was crowed and waiting time was 1015 mins,4.0,"['meghanas', 'biryani', 'tasty', 'ate', '45', 'year', 'felt', 'good', 'comparison', 'meghana', 'biryani', 'crowed', 'waiting', 'time', '1015', 'min']"
Meghana foods,"Indira nagar,Bengaluru",i visited meghana foods indira nagar branch on sunday night with friends unfortunately the experience was disappointing overall,1.0,"['visited', 'meghana', 'food', 'indira', 'nagar', 'branch', 'sunday', 'night', 'friend', 'unfortunately', 'experience', 'disappointing', 'overall']"
Meghana foods,"Indira nagar,Bengaluru",we ordered mutton biryani prawns ghee roast aloo dum biryani and manchurian overall it is good experience,4.0,"['ordered', 'mutton', 'biryani', 'prawn', 'ghee', 'roast', 'aloo', 'dum', 'biryani', 'manchurian', 'overall', 'good', 'experience']"
Meghana foods,"Indira nagar,Bengaluru",we took 2 briyani meghanas special briyani and chicken boneless chicken biryani both are fine in taste decent quality for 2 people,4.0,"['took', '2', 'briyani', 'meghanas', 'special', 'briyani', 'chicken', 'boneless', 'chicken', 'biryani', 'fine', 'taste', 'decent', 'quality', '2', 'people']"
Meghana foods,"Indira nagar,Bengaluru",food tastes good but prices are a bit expensive they are famous for their perfection taste uniqueness satisfied with their service ambience is good,4.0,"['food', 'taste', 'good', 'price', 'bit', 'expensive', 'famous', 'perfection', 'taste', 'uniqueness', 'satisfied', 'service', 'ambience', 'good']"
Meghana foods,"Indira nagar,Bengaluru",tried the meghna special chicken biryani recently and it absolutely lives up to the hype,4.0,"['tried', 'meghna', 'special', 'chicken', 'biryani', 'recently', 'absolutely', 'life', 'hype']"
Meghana foods,"Indira nagar,Bengaluru",it was a good experience overall the food especially the biryani was flavorful and lived up to its reputation while the prices felt a little on the higher side,4.0,"['good', 'experience', 'overall', 'food', 'especially', 'biryani', 'flavorful', 'lived', 'reputation', 'price', 'felt', 'little', 'higher', 'side']"
Meghana foods,"Indira nagar,Bengaluru",tried the meghna special biryani at meghana biryani indiranagar it was a bit spicy for my taste but really flavourful and enjoyable overall,4.0,"['tried', 'meghna', 'special', 'biryani', 'meghana', 'biryani', 'indiranagar', 'bit', 'spicy', 'taste', 'really', 'flavourful', 'enjoyable', 'overall']"
Vidyarthi bhavan,"Gandhi bazaar,Bengaluru",vidyarthi bhavan in bangalore is one of the most iconic and famous places for dosa and it truly lives up to its reputation in terms of popularity,4.0,"['vidyarthi', 'bhavan', 'bangalore', 'one', 'iconic', 'famous', 'place', 'dosa', 'truly', 'life', 'reputation', 'term', 'popularity']"
Vidyarthi bhavan,"Gandhi bazaar,Bengaluru",vidyarthi bhavan has been one of the most iconic places in bengaluru for its masala dosas and the way waiters serve them,5.0,"['vidyarthi', 'bhavan', 'one', 'iconic', 'place', 'bengaluru', 'masala', 'dosas', 'way', 'waiter', 'serve']"
Vidyarthi bhavan,"Gandhi bazaar,Bengaluru",i recently visited vidyarthi bhavan and it was a classic bangalore food experience this place is famous for its iconic dosas and the taste truly lives up to the hype,4.0,"['recently', 'visited', 'vidyarthi', 'bhavan', 'classic', 'bangalore', 'food', 'experience', 'place', 'famous', 'iconic', 'dosas', 'taste', 'truly', 'life', 'hype']"
Vidyarthi bhavan,"Gandhi bazaar,Bengaluru",visited vidyarthi bhavan and it definitely lived up to its reputation the iconic crispy buttery masala dosa was absolutely delicious,5.0,"['visited', 'vidyarthi', 'bhavan', 'definitely', 'lived', 'reputation', 'iconic', 'crispy', 'buttery', 'masala', 'dosa', 'absolutely', 'delicious']"
Vidyarthi bhavan,"Gandhi bazaar,Bengaluru",i recently visited vidyarthi bhavan and had a classic bangalore breakfast experience the restaurant is located near the flower market,4.0,"['recently', 'visited', 'vidyarthi', 'bhavan', 'classic', 'bangalore', 'breakfast', 'experience', 'restaurant', 'located', 'near', 'flower', 'market']"
Vidyarthi bhavan,"Gandhi bazaar,Bengaluru",the best dosa in bangaluru,5.0,"['best', 'dosa', 'bangaluru']"
Vidyarthi bhavan,"Gandhi bazaar,Bengaluru",visited vidyarthi bhavan twice and both times the experience was memorable this place is on a very busy bangalore street,5.0,"['visited', 'vidyarthi', 'bhavan', 'twice', 'time', 'experience', 'memorable', 'place', 'busy', 'bangalore', 'street']"
Vidyarthi bhavan,"Gandhi bazaar,Bengaluru",visited vidyarthi bhavan recently and had a really nice experience its one of the oldest south indian restaurants in bangalore,5.0,"['visited', 'vidyarthi', 'bhavan', 'recently', 'really', 'nice', 'experience', 'one', 'oldest', 'south', 'indian', 'restaurant', 'bangalore']"
Vidyarthi bhavan,"Gandhi bazaar,Bengaluru",best dosa in bangalore so much has changed over the years but the quality of dosa is the same crispy outside and soft inside,5.0,"['best', 'dosa', 'bangalore', 'much', 'changed', 'year', 'quality', 'dosa', 'crispy', 'outside', 'soft', 'inside']"
Vidyarthi bhavan,"Gandhi bazaar,Bengaluru",honestly speaking i really didnt like the masala sagu dosa except the crispiness nothing was good about the dosa the sagu was not at all good,2.0,"['honestly', 'speaking', 'really', 'didnt', 'like', 'masala', 'sagu', 'dosa', 'except', 'crispiness', 'nothing', 'good', 'dosa', 'sagu', 'good']"
Vidyarthi bhavan,"Gandhi bazaar,Bengaluru",i traveled all the way from ahmedabad just to try the famous masala dosa and it was absolutely worth it,5.0,"['traveled', 'way', 'ahmedabad', 'try', 'famous', 'masala', 'dosa', 'absolutely', 'worth']"
Vidyarthi bhavan,"Gandhi bazaar,Bengaluru",the place carries a nostalgic oldbangalore charm paired with quick service and a lively bustling atmosphere the food truly stands out,4.0,"['place', 'carry', 'nostalgic', 'oldbangalore', 'charm', 'paired', 'quick', 'service', 'lively', 'bustling', 'atmosphere', 'food', 'truly', 'stand']"
Vidyarthi bhavan,"Gandhi bazaar,Bengaluru",visiting vidyarthi bhavan in bangalore was truly a memorable experience the highlight of the meal was definitely the famous masala dosa thick crispy and generously coated with ghee,4.0,"['visiting', 'vidyarthi', 'bhavan', 'bangalore', 'truly', 'memorable', 'experience', 'highlight', 'meal', 'definitely', 'famous', 'masala', 'dosa', 'thick', 'crispy', 'generously', 'coated', 'ghee']"
Vidyarthi bhavan,"Gandhi bazaar,Bengaluru",one og restaurant of south bangalore wait for hour and get inside for filter coffee and dosa everytime we visit the same warmth from people here,4.0,"['one', 'og', 'restaurant', 'south', 'bangalore', 'wait', 'hour', 'get', 'inside', 'filter', 'coffee', 'dosa', 'everytime', 'visit', 'warmth', 'people']"
Vidyarthi bhavan,"Gandhi bazaar,Bengaluru",the place gives authentic and historic vibe dosa is very crispy here the way of serving dosa is amazing the place could be more hygienic,4.0,"['place', 'give', 'authentic', 'historic', 'vibe', 'dosa', 'crispy', 'way', 'serving', 'dosa', 'amazing', 'place', 'could', 'hygienic']"
Vidyarthi bhavan,"Gandhi bazaar,Bengaluru",finally understood what all the hype is about we tried their benne masala dosa puri sagu and of course their filter coffee,5.0,"['finally', 'understood', 'hype', 'tried', 'benne', 'masala', 'dosa', 'puri', 'sagu', 'course', 'filter', 'coffee']"
Vidyarthi bhavan,"Gandhi bazaar,Bengaluru",we visited this place after hearing all the hype but it didnt live up to the expectations in my opinion its highly overrated and overhyped,1.0,"['visited', 'place', 'hearing', 'hype', 'didnt', 'live', 'expectation', 'opinion', 'highly', 'overrated', 'overhyped']"
Vidyarthi bhavan,"Gandhi bazaar,Bengaluru",over crowded and one of the og tiffin centre of south bangalore giving off old retro vibes of bangalore nostalgic and super history hotel,5.0,"['crowded', 'one', 'og', 'tiffin', 'centre', 'south', 'bangalore', 'giving', 'old', 'retro', 'vibe', 'bangalore', 'nostalgic', 'super', 'history', 'hotel']"
Vidyarthi bhavan,"Gandhi bazaar,Bengaluru",vidyarthi bhavan has still maintained its old charm but has exceeded my expectations on way they have solved queue problem,5.0,"['vidyarthi', 'bhavan', 'still', 'maintained', 'old', 'charm', 'exceeded', 'expectation', 'way', 'solved', 'queue', 'problem']"
Vidyarthi bhavan,"Gandhi bazaar,Bengaluru",visited this place after seeing so many reviews the food was decent overall we tried the benne dose it was crispy but honestly nothing very special,4.0,"['visited', 'place', 'seeing', 'many', 'review', 'food', 'decent', 'overall', 'tried', 'benne', 'dose', 'crispy', 'honestly', 'nothing', 'special']"
Vidyarthi bhavan,"Gandhi bazaar,Bengaluru",vidyarthi bhavan serves one of the best masala dosas in bangalore the dosa is thick crispy and buttery with authentic taste and great filter coffee,5.0,"['vidyarthi', 'bhavan', 'serf', 'one', 'best', 'masala', 'dosas', 'bangalore', 'dosa', 'thick', 'crispy', 'buttery', 'authentic', 'taste', 'great', 'filter', 'coffee']"
Vidyarthi bhavan,"Gandhi bazaar,Bengaluru",nostalgic and super history hotel the one name for a tasty and legacy taste for dose and other breakfast items,4.0,"['nostalgic', 'super', 'history', 'hotel', 'one', 'name', 'tasty', 'legacy', 'taste', 'dose', 'breakfast', 'item']"
Vidyarthi bhavan,"Gandhi bazaar,Bengaluru",be prepared to wait 1hr minimum food was ok good service well behaved staff vintage feel,3.0,"['prepared', 'wait', '1hr', 'minimum', 'food', 'ok', 'good', 'service', 'well', 'behaved', 'staff', 'vintage', 'feel']"
Vidyarthi bhavan,"Gandhi bazaar,Bengaluru",i visited vidyarthi bhavan and honestly the place felt highly overrated the ambience was just okay but the service was poor,1.0,"['visited', 'vidyarthi', 'bhavan', 'honestly', 'place', 'felt', 'highly', 'overrated', 'ambience', 'okay', 'service', 'poor']"
Vidyarthi bhavan,"Gandhi bazaar,Bengaluru",one of the best dose place in town for us this is goat benne masala dose which still preserves the age old taste nostalgic ambiance always crowded,5.0,"['one', 'best', 'dose', 'place', 'town', 'u', 'goat', 'benne', 'masala', 'dose', 'still', 'preserve', 'age', 'old', 'taste', 'nostalgic', 'ambiance', 'always', 'crowded']"
Vidyarthi bhavan,"Gandhi bazaar,Bengaluru",one of the legendary eateries in bangalore and rightfully so which means theres gotta be a bit of a crowd and a waiting time,5.0,"['one', 'legendary', 'eatery', 'bangalore', 'rightfully', 'mean', 'there', 'gotta', 'bit', 'crowd', 'waiting', 'time']"
Vidyarthi bhavan,"Gandhi bazaar,Bengaluru",honestly it seemed more hype than extraordinary taste there was nothing special enough to make it worth traveling for hours just to eat here,4.0,"['honestly', 'seemed', 'hype', 'extraordinary', 'taste', 'nothing', 'special', 'enough', 'make', 'worth', 'traveling', 'hour', 'eat']"
Vidyarthi bhavan,"Gandhi bazaar,Bengaluru",we went on weekday still we had approx 3040 mins waiting but it was worth it their token system is really good they have limited menu we tried iconic masala dosa and it was really good,4.0,"['went', 'weekday', 'still', 'approx', '3040', 'min', 'waiting', 'worth', 'token', 'system', 'really', 'good', 'limited', 'menu', 'tried', 'iconic', 'masala', 'dosa', 'really', 'good']"
Vidyarthi bhavan,"Gandhi bazaar,Bengaluru",the food is good i tried tea masala dosa sagu masala dosa and vadaall were decent however i couldnt find anything particularly special about the taste,3.0,"['food', 'good', 'tried', 'tea', 'masala', 'dosa', 'sagu', 'masala', 'dosa', 'vadaall', 'decent', 'however', 'couldnt', 'find', 'anything', 'particularly', 'special', 'taste']"
Vidyarthi bhavan,"Gandhi bazaar,Bengaluru",the place is massively overhyped and clearly surviving on its past reputation the dosas were the worstbland crispy poorly made inconsistent in texture and absolutely not worth,1.0,"['place', 'massively', 'overhyped', 'clearly', 'surviving', 'past', 'reputation', 'dosas', 'worstbland', 'crispy', 'poorly', 'made', 'inconsistent', 'texture', 'absolutely', 'worth']"
Vidyarthi bhavan,"Gandhi bazaar,Bengaluru",nothing extraordinary in the food not sure what the hype is about masala dosa is crispier but at the ends felt like not cooked properly rava vada is disaster,3.0,"['nothing', 'extraordinary', 'food', 'sure', 'hype', 'masala', 'dosa', 'crispier', 'end', 'felt', 'like', 'cooked', 'properly', 'rava', 'vada', 'disaster']"
Vidyarthi bhavan,"Gandhi bazaar,Bengaluru",i had heard a lot about this place but when i finally tried it the dosa felt quite ordinarynothing really special the chutney wasnt great either,2.0,"['heard', 'lot', 'place', 'finally', 'tried', 'dosa', 'felt', 'quite', 'ordinarynothing', 'really', 'special', 'chutney', 'wasnt', 'great', 'either']"
Vidyarthi bhavan,"Gandhi bazaar,Bengaluru",average experience with some standout charm at this legacy spot id call it an average experienceyou can get similar at many reasonable places in bengaluru,3.0,"['average', 'experience', 'standout', 'charm', 'legacy', 'spot', 'id', 'call', 'average', 'experienceyou', 'get', 'similar', 'many', 'reasonable', 'place', 'bengaluru']"
Vidyarthi bhavan,"Gandhi bazaar,Bengaluru",its very old restaurant famous for dosa they have very limited menu to choose from it will be closed from 1200 pm to 2 00 pm but definitely worth a visit,4.0,"['old', 'restaurant', 'famous', 'dosa', 'limited', 'menu', 'choose', 'closed', '1200', 'pm', '2', '00', 'pm', 'definitely', 'worth', 'visit']"
Vidyarthi bhavan,"Gandhi bazaar,Bengaluru",this is much hyped place they do serve crispy masala dosa but with aberage taste khara bath was better than masala dosa,3.0,"['much', 'hyped', 'place', 'serve', 'crispy', 'masala', 'dosa', 'aberage', 'taste', 'khara', 'bath', 'better', 'masala', 'dosa']"
Vidyarthi bhavan,"Gandhi bazaar,Bengaluru",i tried their dosa sambar vada and filter coffee and all three were absolutely satisfyingthe filter coffee was strong rich and the perfect way to finish the meal,5.0,"['tried', 'dosa', 'sambar', 'vada', 'filter', 'coffee', 'three', 'absolutely', 'satisfyingthe', 'filter', 'coffee', 'strong', 'rich', 'perfect', 'way', 'finish', 'meal']"
Vidyarthi bhavan,"Gandhi bazaar,Bengaluru",in simple words this iconic eatery serves the best tastiest and sets a benchmark for other eateries on plain masala dosa,5.0,"['simple', 'word', 'iconic', 'eatery', 'serf', 'best', 'tastiest', 'set', 'benchmark', 'eatery', 'plain', 'masala', 'dosa']"
Vidyarthi bhavan,"Gandhi bazaar,Bengaluru",i had their super masala dosa it was delicious crispy and lived up to its reputation this place is a classic oldstyle restaurant with a simple yet charming atmosphere,5.0,"['super', 'masala', 'dosa', 'delicious', 'crispy', 'lived', 'reputation', 'place', 'classic', 'oldstyle', 'restaurant', 'simple', 'yet', 'charming', 'atmosphere']"
Vidyarthi bhavan,"Gandhi bazaar,Bengaluru",the best place for filter coffee in bangalore dosa is a debated topic not a great fan honestly beautifully maintained to retain the old bangalore feels,4.0,"['best', 'place', 'filter', 'coffee', 'bangalore', 'dosa', 'debated', 'topic', 'great', 'fan', 'honestly', 'beautifully', 'maintained', 'retain', 'old', 'bangalore', 'feel']"
Vidyarthi bhavan,"Gandhi bazaar,Bengaluru",i had a wonderful experience at vidyarthi bhavan the place is clean hygienic and wellmaintained the staff were very polite and served us so well,5.0,"['wonderful', 'experience', 'vidyarthi', 'bhavan', 'place', 'clean', 'hygienic', 'wellmaintained', 'staff', 'polite', 'served', 'u', 'well']"
Vidyarthi bhavan,"Gandhi bazaar,Bengaluru",tired the famous masala dose and the taste is below average while this is the crispiest dosa i ever had masala stuffed inside is not tasty and chutney is bland literally no taste,2.0,"['tired', 'famous', 'masala', 'dose', 'taste', 'average', 'crispiest', 'dosa', 'ever', 'masala', 'stuffed', 'inside', 'tasty', 'chutney', 'bland', 'literally', 'taste']"
Vidyarthi bhavan,"Gandhi bazaar,Bengaluru",visited vidyarthi bhavan recently and had an excellent experience the dosa was absolutely outstandingcrispy flavorful and one of the best i have had in bengaluru,4.0,"['visited', 'vidyarthi', 'bhavan', 'recently', 'excellent', 'experience', 'dosa', 'absolutely', 'outstandingcrispy', 'flavorful', 'one', 'best', 'bengaluru']"
Vidyarthi bhavan,"Gandhi bazaar,Bengaluru",idli vada and kharibath were amazing the dosa was not that great compared to the rest the place was extremely crowded,4.0,"['idli', 'vada', 'kharibath', 'amazing', 'dosa', 'great', 'compared', 'rest', 'place', 'extremely', 'crowded']"
Vidyarthi bhavan,"Gandhi bazaar,Bengaluru",we waited for 1 hour and we were 3 people but still they were adjusting 1 more person on our table disgusting service,1.0,"['waited', '1', 'hour', '3', 'people', 'still', 'adjusting', '1', 'person', 'table', 'disgusting', 'service']"
Vidyarthi bhavan,"Gandhi bazaar,Bengaluru",vidyarthi bhavan is pure nostalgia on a platecrispy buttery dosas rich chutney and an oldworld charm that never fades,4.0,"['vidyarthi', 'bhavan', 'pure', 'nostalgia', 'platecrispy', 'buttery', 'dosas', 'rich', 'chutney', 'oldworld', 'charm', 'never', 'fade']"
Vidyarthi bhavan,"Gandhi bazaar,Bengaluru",there is a reason why this place is legendary has got that vintage charm made prior reservation so not much wait time prompt and cordial service,4.0,"['reason', 'place', 'legendary', 'got', 'vintage', 'charm', 'made', 'prior', 'reservation', 'much', 'wait', 'time', 'prompt', 'cordial', 'service']"
Vidyarthi bhavan,"Gandhi bazaar,Bengaluru",i would not recommend to travel from far place only to have this dosaits normal dosa i feltnot as hype shown in insta etc,3.0,"['would', 'recommend', 'travel', 'far', 'place', 'dosaits', 'normal', 'dosa', 'feltnot', 'hype', 'shown', 'insta', 'etc']"
Vidyarthi bhavan,"Gandhi bazaar,Bengaluru",this place clearly has that old bengaluru vibes i always love their dose and idli coffee rates great,4.0,"['place', 'clearly', 'old', 'bengaluru', 'vibe', 'always', 'love', 'dose', 'idli', 'coffee', 'rate', 'great']"
Vidyarthi bhavan,"Gandhi bazaar,Bengaluru",excellent breakfast this is the 3rd or 4th visit to this restaurant got lost a little locating this place since there is some face lift done to the restaurant and surroundings,4.0,"['excellent', 'breakfast', '3rd', '4th', 'visit', 'restaurant', 'got', 'lost', 'little', 'locating', 'place', 'since', 'face', 'lift', 'done', 'restaurant', 'surroundings']"
Vidyarthi bhavan,"Gandhi bazaar,Bengaluru",its a historic place and serves one of the best khara bhat and masala dosa,5.0,"['historic', 'place', 'serf', 'one', 'best', 'khara', 'bhat', 'masala', 'dosa']"
Vidyarthi bhavan,"Gandhi bazaar,Bengaluru",one of the best dose in bangalore quite crowded service takes lot of time verdict on the dosa its in top 5 of my fav,5.0,"['one', 'best', 'dose', 'bangalore', 'quite', 'crowded', 'service', 'take', 'lot', 'time', 'verdict', 'dosa', 'top', '5', 'fav']"
Vidyarthi bhavan,"Gandhi bazaar,Bengaluru",so i tried food at the hyped up vidyarthi bhavan and was left with a mixed review the masala dosa was definitely overhyped and didnt taste that good,3.0,"['tried', 'food', 'hyped', 'vidyarthi', 'bhavan', 'left', 'mixed', 'review', 'masala', 'dosa', 'definitely', 'overhyped', 'didnt', 'taste', 'good']"
Vidyarthi bhavan,"Gandhi bazaar,Bengaluru",overhyped place its not worth spending 4045 minutes waiting for average food,1.0,"['overhyped', 'place', 'worth', 'spending', '4045', 'minute', 'waiting', 'average', 'food']"
Vidyarthi bhavan,"Gandhi bazaar,Bengaluru",it is always worth the wait our go to order masale dose vade and coffee never till date have been disappointed,5.0,"['always', 'worth', 'wait', 'go', 'order', 'masale', 'dose', 'vade', 'coffee', 'never', 'till', 'date', 'disappointed']"
Vidyarthi bhavan,"Gandhi bazaar,Bengaluru",old karnataka style served with respect and tradition dosa is good but chutney has very liquid consistencyfilter coffee and sweet are good,5.0,"['old', 'karnataka', 'style', 'served', 'respect', 'tradition', 'dosa', 'good', 'chutney', 'liquid', 'consistencyfilter', 'coffee', 'sweet', 'good']"
Vidyarthi bhavan,"Gandhi bazaar,Bengaluru",this old market shop is worth the wait waiting time is usually 1015 mins the south indian dishes are delicious highquality and hygienic plus the prices are reasonable,5.0,"['old', 'market', 'shop', 'worth', 'wait', 'waiting', 'time', 'usually', '1015', 'min', 'south', 'indian', 'dish', 'delicious', 'highquality', 'hygienic', 'plus', 'price', 'reasonable']"
Vidyarthi bhavan,"Gandhi bazaar,Bengaluru",the idlisambar was quite decent but the masala dosa palya and chutney felt blandhonestly a bit overhyped,2.0,"['idlisambar', 'quite', 'decent', 'masala', 'dosa', 'palya', 'chutney', 'felt', 'blandhonestly', 'bit', 'overhyped']"
Vidyarthi bhavan,"Gandhi bazaar,Bengaluru",visiting vidyarthi bhavan was a wonderful experience the dosa and vada were extremely delicious and the service was prompt and courteous,5.0,"['visiting', 'vidyarthi', 'bhavan', 'wonderful', 'experience', 'dosa', 'vada', 'extremely', 'delicious', 'service', 'prompt', 'courteous']"
Vidyarthi bhavan,"Gandhi bazaar,Bengaluru",loved their dosa and coffee we had to wait for 1520 minutes as they have token system but it worth waiting to have the lovely dosa,5.0,"['loved', 'dosa', 'coffee', 'wait', '1520', 'minute', 'token', 'system', 'worth', 'waiting', 'lovely', 'dosa']"
Vidyarthi bhavan,"Gandhi bazaar,Bengaluru",ordered puri sagu masala dosa khara bath and kesri bath everything was absolutely yum,5.0,"['ordered', 'puri', 'sagu', 'masala', 'dosa', 'khara', 'bath', 'kesri', 'bath', 'everything', 'absolutely', 'yum']"
Vidyarthi bhavan,"Gandhi bazaar,Bengaluru",amazing ambience and authentic south indian food khara bath is the most liked one for me,5.0,"['amazing', 'ambience', 'authentic', 'south', 'indian', 'food', 'khara', 'bath', 'liked', 'one']"
